Application,Title,Authors,Year,Keywords,Abstract,Platform,Project Type,Model,Description,Database
P2P Energy Trading,A Lockable ERC20 Token for Peer to Peer Energy Trading,"Liana Toderean, Claudia Antal, Marcel Antal, Dan Mitrea, Tudor Cioara, Ionut Anghel, Ioan Salomie",2021,"Blockchain, Energy Token, ERC20, Lockable,
Peer to Peer Energy Trading","In this paper, we address the digitization of physical assets using blockchain technology focusing on energy and peer-to-peer trading on decentralized energy markets. Because they are forward markets and operate on a day-ahead timeline, the energy transactions are settled only at the movement of energy delivery. Having the option of locking the energy tokens by a third-party escrow becomes a highly desirable feature. Thus, we define a Lockable ERC20 token that provides the option for an owner to lock some of its tokens using smart contracts. A time-lock and an escrow party account or smart contract can be specified allowing the tokens to be unlocked when certain business conditions are met. For validation purposes, we have considered a peer-to-peer energy trading scenario in which the Lockable ERC20 token was used to digitize the surplus of energy of prosumers. In this case, the energy tokens committed in blockchain transactions are successfully locked up until the actual delivery of energy, the settlement considering the monitored data of energy meters.",Ethereum,Conference Paper,LockableERC20,Token Smart contract details  designed but not implemented,IEEE
P2P Energy Trading,"Tokenization of energy assets: A
multichain blockchain approach","R. Akiladevi, S. Sardha, and R. Shruthi,",2024,"Blockchain Technology, Green Energy, Token
Economy, Peer-to-Peer transactions.","The biggest barrier is the financial strain caused by rising electricity costs from using too much power. The security of businesses in the energy sector is threatened by this financial burden, therefore finding creative ways to get through these rough waters is imperative. Moreover, the intricacies involved in the issuance and exchange of energy certificates have intensified the need for enhanced openness and economy. Industry stakeholders are now seriously concerned about these nuances. Our project offers a methodical strategy based on multichain blockchain technology to address these enormous obstacles. invested in the future of the industry. This innovative approach focuses on tokenizing energy assets, optimizing energy management procedures, and providing industry stakeholders with a safe environment. The work on the project in stages, starting with collecting a lot of data. The carefully collect standardized data on power use, expressed in terawatt-hours (TWh), and then improve data quality to make sure the information is reliable and credible. The principal aim is to bring in an era characterized by security, efficiency, and transparency in the administration of energy resources, hence fostering growth and resilience within the energy industry. The ultimate objective is to clear the path for a future in energy asset management marked by openness, security, and efficient operations, all of which will support the growth and sustainability of the sector.",Multichain,Conference Paper,NA,No smart contract designed,IEEE
P2P Energy Trading,"An Efficient Algorithm for Peer-to-Peer Energy Trading
Using Blockchain in Microgrid Energy Markets","Nahid-Ur-Rahman Chowdhury, Khairul Islam, and Fayazul Hasan",2019,"Peer-to-Peer Energy Trading, Blockchain,
Microgrid Energy Market, Decentralized Energy System.","Electricity generation from distributed renewable energy sources is strongly increasing worldwide. Due to their intermittency in nature, the large scale integration of these renewable energy sources creates acute challenges to the existing energy system network. Thus, it is highly demanding to secure a reliable balance between energy generation and consumption. To overcome such challenges, peer-to-peer energy trading using blockchains on microgrid networks can play a significant role. In this paper, we present the concept of an efficient algorithm that can be useful for energy trading using blockchain from both the prosumers and consumers end. We also show the detailed outline of the methodology for energy transactions in a comprehensive way. The outcome of this study prove that if implemented properly this methodology can efficiently balance supply and demand locally and provide socio-economic benefits to the participants.",NA,Journal,NA,Algorithms designed without implementation,European Journal of Electrical Engineering and Computer Science
P2P Energy Trading,ZipZap: A Blockchain Solution for Local Energy Trading,"Mario Felipe Munoz, Kaiwen Zhang and Fatima Amara",2022,"Blockchain, Smart Contract, Energy Tokenization,
Smart Grid, Transactive Energy","In the last few years, electric utility companies have increasingly invested into transactive energy systems. This trend was primarily caused by the integration of distributed energy resources (DERs) and internet-of-things (IoT) devices into their existing distribution networks. Influenced by the general interest in blockchain technologies, many industry specialists are considering new, more efficient peer-to-peer market structures for DERs. In this paper, we explore the trade-off between cost and traceability in the form of on-chain and offchain solutions. We also propose ZipZap, a first step towards a blockchain-based local smart grid system. ZipZap is an ERC-1155 compliant solution with four different prototypes: Heavyweight, Featherweight, Lightweight and Weightless. Our evaluation uses realistic parameters and measures the impact of different types of metadata storage scopes, with some Ethereum prototypes showcasing gas cost reductions of more than 97% in comparison to our fully on-chain baseline.",Ethereum (Quorum),Conference Paper,ERC-1155,"ZipZap is an
ERC-1155 compliant solution which supports batch minting and transfer. It includes detailed of data to be tokenized. ",arXiv
P2P Energy Trading,Blockchain-Based Peer-to-Peer Energy Trading:Design and Implementation of the TokenizedDecentralized Energy Management System (DEMS),"Demiral AKBAR, Mert ÜNAL, Recep AKKAYA, Orkun BALCI",2025,"Blockchain, Peer-to-Peer Energy Trading, Energy Tokenization, Smart Contracts, EnergyMarkets, Decentralized Systems, Smart grid.","This study presents a decentralized energy management system (DEMS) designed to enable secure,transparent, and effi cient peer-to-peer (P2P) energy trading using blockchain technology. The platformutilizes energy tokenization through ENRTokens and employs smart contracts to automate trustlesstransactions among users. Built on a permissioned blockchain infrastructure, the system enhancestransparency, auditability, and data integrity while minimizing reliance on centralized intermediaries. Theimplementation, evaluated on a four-node validator network, features a modular smart contractarchitecture and is designed with a microservices-based structure to support scalability and adaptabilityacross various smart meter manufacturers and blockchain networks. Experimental results demonstratethe successful execution of token-based energy trades, robust system performance, and secureintegration with real-time smart meter data. In addition to enabling dynamic pricing mechanisms, theplatform supports multilingual capabilities and energy data classifi cation by country, facilitating broaderinternational adoption. The ENRToken framework also shows potential for diverse applications beyondenergy trading, such as micro-payments, carbon credit exchanges, and incentive-driven energyconservation programs. Future work will focus on extending the system to public blockchain networkslike Ethereum or Polygon to enhance scalability, interoperability, and global transparency. Overall, theproposed platform provides a robust, extensible foundation for next-generation decentralized energymarkets.",Ethereum (Hyperledger Besu),Journal,ERC-20,DEMS architecture and functions designed without detailed tokenization solution,Wiley
P2P Energy Trading,Decentralized local electricity market model using Automated Market Maker,"Bevin K.C., Ashu Verma
",2023,"Decentralized local energy market, Automated market maker, Liquidity pool, Smart contracts, Blockchain","The desire of prosumers to participate in the markets has led to the setting up of Decentralized Local Electricity Markets (DLEM). These markets are usually confined to a small geographical location, often with a small number of participants. Such markets have very low liquidity for participants to trade, so price discovery becomes a cumbersome process. To solve the issue of market liquidity, this paper introduces a DLEM model where market participants can trade with a Liquidity Pool (LP) created by Energy Storage Units (ESU). The market model provides iteration-free price discovery by using an Automated Market Maker (AMM) protocol, which automatically updates energy price in the LP based on demand–supply balance. The efficiency of AMM is further improved using the concept of concentrated liquidity by restricting the trading range. A network loss compensation method is applied to ensure DLEM transactions do not affect the power contracts already committed. Simulation studies are conducted on IEEE 33 bus and 123 bus distribution networks for various energy demand scenarios to show operation of the proposed market model.",NA,Journal,NA,Decentralized Local Electricity Markets (DLEM) assumed energy is tokenized withou any details,ScienceDirect
P2P Energy Trading,An incentivized automated market maker-based batch auction mechanism for network-aware local energy markets with loss allocation,"Hossein Saber, Tom Celig, Saber Talari, Wolfgang Ketter, Detlef Schoder",2026,"Energy communities, Liquidity provision, Local energy sharing, Smart contracts, On-chain power flow, Loss-allocation mechanism","The rapid proliferation of distributed energy resources demands efficient, fair, and scalable local energy markets (LEMs) that maximize community self-consumption while ensuring equitable trading outcomes. This paper introduces an incentive compatible Automated Market Maker-based Batch Auction (AMMBA), a novel peer-to-peer (P2P) market mechanism that leverages decentralized finance (DeFi) pricing principles to overcome liquidity scarcity, mitigate price volatility, and enable continuous market participation even in thin LEM environments. The pricing function parameters are optimized to balance consumer utility and supplier profit, while a penalty-driven mechanism guarantees dominant-strategy incentive compatibility, preventing misreporting and strategic withholding by market agents. To ensure technically valid operation, an integrated on-chain power flow formulation enforces distribution network constraints, including voltage and power flow limits, and automatically applies least-cost corrective demand or generation adjustments. Additionally, an ex-post loss allocation scheme, based on the concept of marginal loss factor, fairly assigns positive or negative power-loss impacts to participants, and trading payments are adjusted accordingly to maintain economic fairness. All trading, grid-feasibility assessment, loss allocation, and settlement processes are executed via blockchain smart contracts for full transparency and automation. The proposed AMMBA model is prototyped and evaluated using real-world household profiles and benchmarked against traditional double auction and uniform-price auction mechanisms. Results demonstrate that AMMBA significantly enhances community self-consumption, stabilizes clearing prices, increases social welfare and equality of benefit distribution, and reliably enforces grid operational constraints while ensuring fair loss allocation.",Ethereum,Journal, ERC-20 ,AMMBA uses simple ERC-20 tokens  withou any details,ScienceDirect
P2P Energy Trading,Automated Market Maker-based Batch Auction for Decentralized Customer-centric Local Energy Sharing,Tom Celig; Saber Talari; Wolfgang Ketter; Detlef Schoder,2024,"Automated market maker, distributed ledger technology, energy trading, liquidity pool, uniform pricing, batch auctions","Traditional marketplaces, like order book solutions, for Peer-to-Peer (P2P) energy trading are often unable to efficiently manage decentralized trading, especially when faced with low liquidity and limited participants. To address this challenge, this paper introduces the Automated Market Maker (AMM)-based batch auction (AMMBA) trading mechanism, designed to improve the efficiency and fairness of P2P energy markets. AMMBA combines the strengths of both batch auctions and AMMs by taking frequent clearing and uniform pricing from batch auctions and decentralized algorithmic pricing from AMMs. The batch auction clearing method is replaced by a sigmoid price function. In each market window, producers generate energy tokens from surplus production. Buyers add stablecoins to the liquidity pool reflecting their energy requirements, with the clearing price adjusted at the window’s end using the sigmoid function. Ultimately, stablecoins and energy tokens are distributed to sellers and buyers, respectively. Simulation results show that AMMBA not only secures significant gains for all parties involved but also exhibits high adaptability to real-time demand and supply fluctuations.",Ethereum,Conference Paper, ERC-20 ,AMMBA uses simple ERC-20 tokens  without any details,IEEE
P2P Energy Trading,AMM Based P2P Energy Trading System Using Hyperledger Fabric Blockchain,Ju Won Kim; Jae Geun Song; Hyeon Woo Shin; Ju Wook Jang,2021,"Blockchain, Hyperledger Fabric, AMM, Cryptocurrency","This paper proposes a P2P energy trading system over Hyperledger Fabric blockchain with AMM (Automated Market Maker) for innovatory speed improvement. Participants in the network will adequately use tokens for trading: energy coin, money coin, whereas tokens are cryptocurrency that can be exchanged for the real value. Unlike the existing network, which required certain conditions for transactions to be established, The proposed network matches transactions instantaneously with minimal process. Adapting the AMM, trades are established on the P2P energy trading system without any additional factors since market prices are determined whenever tokens are inserted into the liquidity pool. By providing an optimized trading environment, we expect further development of the P2P energy trading industry.",Hyperledger Fabric,Conference Paper,NA,AMMs are designed on Hyperledger without smart contract or Dapp implmemtations and evaluations.,IEEE
P2P Energy Trading,"EnerSwap: Large-Scale, Privacy-First Automated Market Maker for V2G Energy Trading","Ahmed Mounsf Rafik Bendada, Yacine Ghamri-Doudane",2025,"V2G, Decentralized local energy market, AMM, Privacy, Security, Blockchain, zkSNARKs, Sharding.","With the rapid growth of Electric Vehicle (EV) technology, EVs are destined to shape the future of transportation. The large number of EVs facilitates the development of the emerging vehicle-to-grid (V2G) technology, which realizes bidirectional energy exchanges between EVs and the power grid. This has led to the setting up of electricity markets that are usually confined to a small geographical location, often with a small number of participants. Usually, these markets are manipulated by intermediaries responsible for collecting bids from prosumers, determining the market-clearing price, incorporating grid constraints, and accounting for network losses. While centralized models can be highly efficient, they grant excessive power to the intermediary by allowing them to gain exclusive access to prosumers’ price preferences. This opens the door to potential market manipulation and raises significant privacy concerns for users, such as the location of energy providers. This lack of protection exposes users to potential risks, as untrustworthy servers and malicious adversaries can exploit this information to infer trading activities and real identities. This work proposes a secure, decentralized exchange market built on blockchain technology, utilizing a privacy-preserving Automated Market Maker (AMM) model to offer open and fair, and equal access to traders, and mitigates the most common trading-manipulation attacks. Additionally, it incorporates a scalable architecture based on geographical dynamic sharding, allowing for efficient resource allocation and improved performance as the market grows.",Ethereum,Conference Paper,NA,Lacks standards and details of tokenization. Focus on AMM and privacy preservation via ZKP ,arXiv
P2P Energy Trading,Decentralized peer-to-peer energy trading in microgrids: Leveraging blockchain technology and smart contracts,"Nimrah Saeed , Fushuan Wen, Muhammad Zeshan Afzal",2024,Blockchain Smart contract Web 3 Microgrid Demand response,"Microgrids are regarded as vital components in contemporary realm of energy system improvement, resilience, and sustainability. In this paper a novel decentralized peer-to-peer energy trading system leveraging blockchain technology is proposed. The proposed model not only demonstrates the implementation of blockchain technology in microgrids but also transforms the energy sector by emphasizing decentralization, security and efficiency. This research aims to enhance the energy trading system by including smart contracts written on the Ethereum network. Energy Token and Demand Response contracts are integrated to enable dynamic interactions inside microgrids, which leads to a transparent, secure, and efficient energy trading system. Moreover, automation of energy transactions and elimination of intermediaries ensure cost effectiveness and utilization of excess energy potentially reduce dependency on the main grid. A microgrid system is designed in Simulink for distributed energy trading. Energy credits are represented by standard ERC-20 digital token and then demand response contract dynamically adjusts rewards and energy prices based on energy production and consumption. the ERC-20 contract manages the token transaction and then demand response contract enforces governance rules. The purpose of a demand response contract is to enable the automatic and efficient control of energy usage in response to changing demand and supply conditions. The use of the Web3 library further facilitates a direct and smooth connection between the blockchain network and microgrids. The results demonstrate the successful implementation of both smart contracts, making trading possible at noon when the combined generation from solar array and energy management system exceed the energy demand.",Ethereum,Journal,ERC-20,simple ERC-20 tokens  without any details,ScienceDirect
P2P Energy Trading,EnergiPay: Off-chain Payment Channel for Blockchain-enabled Peer-to-peer Energy Trading,"Sid Chi-Kin Chau, Nan Wang, Samuel Karumba",2024,"Blockchain for Energy Systems, Energy Credit Tokens, Off-chain Payment Channel Network","P2P energy trading allows direct energy transactions among end users to maximize the benefits of distributed energy resources. Permissionless blockchain platforms (e.g., Ethereum) facilitate P2P energy trading through energy credit tokenization, such that users who export energy to the grid will receive the respective energy credit tokens on Ethereum that can be traded in a P2P fashion without an intermediary. Despite the benefits of P2P trading on a trustless open platform, blockchain-enabled P2P energy trading suffers from a number of practical issues, such as slow transaction confirmation time, poor scalability, high transaction fees for micro-transactions, and the need for persistent connections to the blockchain. Hence, we develop an off-chain payment solution to allow trustless off-chain transactions of energy credit tokens, in the similar vein as popular off-chain payment channel networks for Bitcoin cryptocurrencies (e.g., Lightning Network). But unlike typical cryptocurrencies, off-chain trading of energy credit tokens faces new challenges. Particularly, energy credit tokens are essentially future commodities that are generated ex-post from delayed smart meter reporting. It is challenging to support real-time P2P energy trading with future energy credit tokens that are not yet generated at the moment of trading, which significantly increases the counterparty risks among untrusted users. In this paper, we design EnergiPay, a secure off-chain payment channel protocol to mitigate the counterparty risks in off-chain P2P energy trading.",Ethereum,Conference Paper,ERC-20 and ERC-721,simple ERC-20/721 energy credit tokens  with some details,ACM Digital Library
P2P Energy Trading,TokenGreen: A Versatile NFT Framework for Peer-to-Peer Energy Trading and Asset Ownership of Electric Vehicles,Madhusudan Naik; Akhilendra Pratap Singh; Nihar Ranjan Pradhan; Neeraj Kumar; Amiya Nayak; Mohsen Guizani,2024,"Blockchain, caliper, electric vehicle (EV), Ethereum, nonfungible tokens (NFTs), P2P energy trading","The rapid increase in the adoption of electric vehicles (EVs) and the installation of charging stations (CSs) are key components for bidirectional energy transfer between EVs and CSs. However, the traditional techniques of energy trading have issues of trust, scalability, traceability, provenance, and authenticity among energy prosumers. To address these challenges, particularly information imbalances between energy buyers and sellers, we propose TokenGreen, a novel framework that leverages blockchain and nonfungible tokens (NFTs) to enable participants to have ownership of energy assets through investments in distributed energy generation, distribution, and clean energy infrastructure, leading to trust and transparency management among the participants. The proposed framework uses Ethereum virtual machine (EVM), ERC-721 NFT, interplanetary file system (IPFS), and solidity smart contracts to develop an NFT-based energy marketplace. Various smart contracts, contract events, functions, and algorithms have been designed and integrated into the energy marketplace to facilitate the minting, creation, purchase, and resale of NFT tokens, including energy trading. To assess the performance of the proposal, experiments are performed using tools, such as Geth, Hyperledger Caliper, and the Ethereum SDK. The obtained results indicate that the average maximum latency for CreateToken reached 12.39 s, while BuyToken and ResellToken reached 11.02 s. Additionally, the average minimum latency for CreateToken, BuyToken, and ResellToken reached 10.46, 10.03, and 9.14 s, respectively. On average, memory consumption ranged from 640 to 775 MB, while CPU usage averaged between 30% and 55% for each function. The performance analysis indicates that CreateToken has low throughput, while BuyToken shows higher, and ResellToken exhibits the highest throughput due to fewer write operations. TokenGreen demonstrates superior performance compared to the existing state of the art, considering the men...",Ethereum,Journal,ERC-721,"In this article, we proposed TokenGreen, an innovative NFTbased framework facilitating the creation, purchase, and resale
of NFT collectibles, with a focus on EV equipment and CSs.
TokenGreen built on a decentralized infrastructure utilizing
Ethereum blockchain, NFTs, and IPFS, this framework is
supported by smart contracts overseeing NFT management
and the Marketplace",IEEE
P2P Energy Trading,Efficient Blockchain Peer-to-Peer Energy Trading based on Automated Market Makers,"Mitchel Justinen, Caixiang Fan",2026,"Blockchain, Automated Market Maker, Energy Trading, Renewable Energy Sources, Decentralized Finance","In this paper, we explore the use of Automated Market Makers (AMMs) for peer-to-peer energy trading in a retail energy market to promote distributed renewable energy resources. We develop a prototype decentralized application that supports multiple energy trading models. Specifically, we implement three fundamental AMM mechanisms with different pricing curves: Constant Sum, Constant Product, and Concentrated Liquidity, and comparatively benchmark their performance in terms of throughput, latency, and gas consumption. In addition, we simulate the three energy market models using real-world household energy data. Our experimental results show that the three AMM smart contracts exhibit similar computational performance. The Constant Sum market maker achieves slightly higher throughput, but incurs the highest gas cost among the three. The simulation results further indicate that the Concentrated Liquidity market maker performs better than the others in stabilizing pool prices under the same level of liquidity provision. These preliminary findings provide valuable insights for researchers and industry practitioners and highlight the potential of blockchain-based applications beyond cryptocurrency, particularly in enabling decentralized energy markets.",Ethereum,Conference Paper,ERC-20,simple ERC-20  energy  tokens  without any  details,IEEE
P2P Energy Trading,A proof-of-stake public blockchain based pricing scheme for peer-to-peer energy trading,"Jiawei Yang a, Amrit Paudel, Hoay Beng Gooi, Hung Dinh Nguyen",2021,"Peer-to-peer energy trading, Blockchain, Pricing scheme, Smart contract","Peer-to-peer (P2P) energy trading allows prosumers to trade energy directly without intermediaries. To provide a payment system and record transaction information, public blockchain is designed to match the decentralized feature of the P2P market. The incentive for nodes outside the microgrid is removed but it is maintained for the prosumers within the microgrid. Therefore the number of miner competitors is limited to decrease the mining difficulty and its power consumption. Proof-of-Stake (PoS) consensus protocol defines the function of blockchain with its mining mechanism. Miners sacrifice part of their stake to compensate for the power losses and reduce the price gap from the traditional prosumer-to-grid trading (Feed-in-tariff). Moreover, the proposed model also contributes to increase the social welfare by improving producers’ income and consumers’ cost-saving through the designed pricing scheme, which eliminates the price gap between buying and selling. Successful mining is encouraged by rewards accordingly. A case study is introduced where a microgrid model with 27 prosumers is tested with the PoS public blockchain-based pricing scheme. The process of model implementation and smart contract creation are specifically demonstrated. Numerical results prove the feasibility and effectiveness of the proposed method.",Ethereum,Journal,ERC-777,"The 𝑒𝑙𝑒𝑐𝑜𝑖𝑛 is set up relying on the ERC-777 Token standard and its value is based on 𝐸𝑡ℎ𝑒𝑟 whose value is stabler than the other published cryptocurrency. 1 𝑒𝑙𝑒𝑐𝑜𝑖𝑛 = 0.42 𝑐𝑒𝑛𝑡𝑠. As the buying price is 22.93 cents/kWh (Singapore dollars) and the selling price is 9.3 cents/kWh offered by the utility grid and FIT respectively, so, the buying price and selling price are defined as 56.7 𝑒𝑙𝑒𝑐𝑜𝑖𝑛 and 22 𝑒𝑙𝑒𝑐𝑜𝑖𝑛 respectively.",ScienceDirect
P2P Energy Trading,BPET: A Unified Blockchain-Based Framework for Peer-to-Peer Energy Trading,"Caixiang Fan, Hamzeh Khazaei and Petr Musilek",2024,"blockchain, distributed energy resources, smart energy systems, peer-to-peer energy trading, energy market","Recent years have witnessed a significant dispersion of renewable energy and the emergence of blockchain-enabled transactive energy systems. These systems facilitate direct energy trading among participants, cutting transmission losses, improving energy efficiency, and fostering renewable energy adoption. However, developing such a system is usually challenging and time-consuming due to the diversity of energy markets. The lack of a market-agnostic design hampers the widespread adoption of blockchain-based peer-to-peer energy trading globally. In this paper, we propose and develop a novel unified blockchain-based peer-to-peer energy trading framework, called BPET. This framework incorporates microservices and blockchain as the infrastructures and adopts a highly modular smart contract design so that developers can easily extend it by plugging in localized energy market rules and rapidly developing a customized blockchain-based peer-to-peer energy trading system. Additionally, we have developed the price formation mechanisms, e.g., the system marginal price calculation algorithm and the pool price calculation algorithm, to demonstrate the extensibility of the BPET framework. To validate the proposed solution, we have conducted a comprehensive case study using real trading data from the Alberta Electric System Operator. The experimental results confirm the system's capability of processing energy trading transactions efficiently and effectively within the Alberta electricity wholesale market.",Ethereum (Hyperledger Besu),Journal,ERC-20,A simple ERC-20 EnergyToken  is  implemented without more technical  details,MDPI
P2P Energy Trading,A trustworthy and incentivized smart grid energy trading framework using distributed ledger and smart contracts,"Ajit Muzumdar, Chirag Modi, Madhu G.M.,  C. Vyjayanthi",2021,"Smart grid, Energy trading, Distributed ledger technology, Smart contract, Vickrey auction","The smart grid integrated with renewable energy sources (RESs) allows to perform peer to peer selling of energy via Local Energy Market (LEM). However, it faces the challenges of lack of transparency and verification of energy distribution, single-point failure in the energy data management, user’s privacy, non-incentivized trading and lack of trust on the energy trading. To address these problems, we propose a trustworthy and incentivized framework for smart grid energy trading using distributed ledger technology and smart contracts. We propose different smart contracts viz; energy injection into smart grid, energy bidding to submit energy demand, energy trading and energy utilization. These contracts run on an ethereum blockchain platform with proof of stake (PoS) consensus mechanism to record energy trading related data. We have applied an iterative Vickrey–Clarke–Grove (Vickrey auction) method for the incentivized energy trading in context of both prosumers and consumers. The proposed framework offers trustworthy and incentivized trading of energy, participants’ privacy, data transparency and no single point failure. The experimental results of the proposed framework are derived in terms of average cost of energy injection and bidding transactions, throughput and the incentivized trading by considering different test scenarios.",Ethereum,Journal,NA,"Energy injection contract sends energy tokens (equivalent to amount of energy injected) to prosumer after transaction verification. Energy trading contract does the mapping of supply and demand based on iterative Vickrey auction method
(a) Cash coins are issued to prosumer
(b) Energy tokens are issued to consumer
Contract verifies energy token ownership.
Energy utilization contract burns energy tokens and instructs smart storage to release energy
(a) Smart grid releases energy to the consumer
(b) Energy tokens are surrendered and DLT updated accordingly",ScienceDirect
P2P Energy Trading,Blockchain based smart energy trading platform using smart contract,Seung Jae Pee; Eung Seon Kang; Jae Geun Song; Ju Wook Jang,2019,"Blockchain, Smart Contract, Energy Trading, Smart City, ERC20 Token","The energy market is entering the transitional period, and various types of energy markets such as solar energy will be formed beyond oil and gas. Correspondingly, energy prosumers that individuals and institutions produce and trade surplus electricity will become more widespread. Using the block chain, it guarantees the immutability and transparency of energy transactions, generates ERC20 tokens based on smart contracts, and transactions are automatically executed without third party intervention and can be extended to various transaction conditions. In the transaction, the energy is transferred using the Energy Storage System(ESS) which the seller and the buyer belong, and payment is made by transferring the token through a transaction. Based on this information, this paper suggests proposes a peer-to-peer (P2P) system that can freely trade the produced energy.",Ethereum,Conference Paper,ERC-20,simple ERC-20  energy  token designs  without complete implmemtations in smart contractor DApps,IEEE
P2P Energy Trading,Blockchain Electricity Trading Under Demurrage,Mel T. Devine; Paul Cuffe,2019,"Transactive energy,
transaction databases, microgrids, solar power generation","This letter proposes a novel demurrage mechanism for blockchain electricity marketplaces, whereby the redemptive value of energy-backed tokens declines with time. This mechanism is intended to reward organic price-responsive load shifting by incentivising the consumption of electricity when it is locally abundant. To demonstrate how such a demurrage mechanism might function in practice, this letter describes a mixed complementarity model of a notional token marketplace. These market simulations indicate that, in equilibrium and with rational actors, the demurrage mechanism creates price signals that temporally align the production and consumption of electricity.",Ethereum,Journal,NA,"Use  smart contracts to impose demurrage on tokenised electrical energy, whereby the redemptive value of the energy-backed token declines with time. ",IEEE
P2P Energy Trading,Leveraging AI Algorithms for Automated Bidding in Electricity Markets: A Solar-Storage Hybrid Approach With Blockchain-Based Energy Tokenization,A. J. Jimenez; E. J. Becil; M. E. Alebicto; R. G. Salgado; R. Gomez,2025,"Artificial Intelligence, Electricity Markets, SolarStorage Systems, 
Automated Bidding, 
Blockchain, Energy Tokens, Crypto Wallets, Decentralized Energy","This paper presents a novel framework that integrates artificial intelligence (AI) algorithms with blockchainbased energy tokenization to optimize bidding strategies in electricity markets. Focusing on solar photovoltaic (PV) systems coupled with battery energy storage systems (BESS), the framework autonomously generates competitive bids using realtime market data, weather forecasts, and system performance metrics, without compromising battery lifecycle and avoiding overheating. In addition, energy tokens and crypto wallets are incorporated as secure, decentralized mechanisms for peer-topeer energy trading. Simulation studies conducted in a virtual market environment demonstrate that the proposed approach enhances revenue, improves resource utilization, and mitigates risk in markets with high renewable energy penetration. This integrated strategy promises to transform energy trading by enabling more efficient, transparent, and decentralized market participation.",NA,Conference Paper,NA,No smart contract designed,IEEE
P2P Energy Trading,Blockchain for Decentralized Energy Routing in Eenergy Internet (EI),M. Gudhe; I. Siddavatam; A. Dalvi; S. Jadhav,2025,"Energy Internet, Blockchain, Energy Routing Protocols, Subscriber Matching, Energy-Efficient Path, Transmission Scheduling, Dynamic Routing, Peer-to-Peer Energy Trading, Distributed Energy Resources (DERs), Power Transmission Loss, Demand-Driven Energy System, Smart Contracts, Energy Tokenization, Decentralized Energy Systems, Secure Energy Exchange, Congestion Management","Energy routing protocols are critical to the operation of the Energy Internet (EI), a decentralized and dynamic infrastructure designed to manage real-time power distribution between distributed energy resources (DERs) and consumers. These protocols must address key challenges, including subscriber matching (SM), energy-efficient path (EEP) selection, and real-time transmission scheduling (TS) in a demand-driven environment. Additionally, irreversible energy losses, congestion, and variable DER availability increase the complexity of routing decisions. This paper reviews core design considerations for energy routing in the EI and introduces blockchain as a transformative enabler for secure, transparent, and autonomous peer-to-peer (P2P) energy trading. Blockchain technology provides decentralized control, tamper-proof transaction records, and smart contract automation, improving trust, traceability, and real-time responsiveness. The proposed approach enhances energy security, transaction integrity, and interoperability in future decentralized smart grid networks.",NA,Conference Paper,NA,No smart contract designed,IEEE
P2P Energy Trading,A Decentralized Blockchain-Based Model for Managing Consumption and Promoting the Deployment of Electric Vehicle Charging Stations,M. Ghorbi; A. Mansouri,2025,"Blockchain, Smart Contract, Electric Vehicles, Peer-to-Peer Trading","With the rapid growth of electric vehicles (EVs), the need to develop their charging infrastructure has become one of the major challenges. The shortage of charging stations and inefficient energy distribution are key obstacles limiting the widespread adoption of these vehicles. In this research, a decentralized blockchain-based model is proposed to manage energy consumption and promote the establishment of EV charging stations. The key innovation of this research lies in introducing a blockchain-based energy tokenization mechanism that not only decentralizes and enhances the transparency of energy exchange, but also accelerates the development of EV charging infrastructure by creating new economic incentives. This model uses a dedicated digital token to manage energy exchange between producers (charging station owners) and consumers (EV owners). Producers receive tokens for supplying energy through renewable sources, such as photovoltaic panels and energy storage in batteries or electrolysis-hydrogen systems. Consumers can purchase these tokens to charge their vehicles or store them for future exchange. This distributed and transparent network functions similarly to fuel cards used for gasoline vehicles and enhances the economic incentives for investing in charging infrastructure. Additionally, the use of smart contracts and a distributed public key infrastructure ensures transaction security and eliminates the need for intermediaries. The results demonstrate that this model not only contributes to the sustainable development of EV charging networks and the reduction of air pollution but is also economically advantageous for both investors and consumers.",Ethereum,Conference Paper,NA,Simple smart contracts are implemented and deployed without detailed info such as token standards.,IEEE
P2P Energy Trading,Combined kiloWatt And negaWatt Trading with Blockchain,M. P; P. A. Salam,2023,"Peer-to-Peer Energy trading, Negawatt, Blockchain","Generation of renewable energy by participants in the electricity market is used for self-consumption and for local trade. Energy savings can be turned into negative watts-negawatts- and can be traded with peers as the right to purchase electricity. Combining both kilowatt and negawatt trading would enhance the local energy market by providing peers with better access to energy and economic benefits. Trust in the market could be managed effectively with the help of blockchain technology. Market transactions are recorded into immutable, transparent, and distributed ledgers, with added security provided by tokenization. In this work, a combined kiloWatt and negawatts trading is attempted in a local market with solar electricity generation, enabled by smart contract deployed on public blockchain. Smart contracts are written in Solidity language and deployed on Sepolia test network for Ethereum public blockchain.",Ethereum,Conference Paper,NA,"a combined kiloWatt and negawatts trading is attempted in a local market with solar electricity generation, enabled by smart contract deployed on public blockchain. Smart contracts are written in Solidity language and deployed on Sepolia test network for Ethereum public blockchain.",IEEE
P2P Energy Trading,Singapore Local Energy Market Development Using Blockchain Enabled P2P Trading,L. Ali; M. I. Azim; J. Peters; S. Padmanaban; V. Bhandari; A. Menon; J. Green; S. M. Muyeen,2023,"Local energy market, peer-to-peer, blockchain, power grid, network operator, electricity cost reduction","The proposed system develops a peer-to-peer (P2P) energy trading-based Local Energy Market (LEM) solution which optimizes distributed energy resources (DERs). The blockchain-based trading platform allows secure and transparent P2P energy trading in a grid-connected power network. In the P2P network, a participant with a surplus of renewable energy (such as solar photovoltaic (PV)) can trade excess with any other participants with an energy deficit. However, in business-as-usual (BAU), it has been fed back to the power grid or curtailed - which can be extremely costly to the grid. The energy traded through solar PV and battery energy storage system (BESS) via P2P trading is cheaper than the respective tariff of the grid.The main aim of the LEM is to mitigate power outages and accelerate the transition to clean energy through increased rooftop solar PV installation by motivating consumers and prosumers to invest in DERs. The LEM implements a marketplace for optimizing distributed energy resources (DERs). In doing so, the LEM can minimize lost energy from existing DER capacity, provide a financial incentive to generate renewable energy beyond the site it is generated at, and improve the savings and profits compared to a BAU case. Simplified, a LEM provides participants with cheaper, greener, and more reliable energy. The LEM maximizes a participant's yield from their solar PV panels, increasing the investment's profitability.Due to the benefits provided, implementing LEM accelerates renewable energy deployment with no government incentives. These benefits are achieved by utilizing a low-energy, high-speed proprietary Blockchain in tandem with the microservice-based architecture used in the software, which develops a secure trading network that is both easily scalable and highly resilient.",Ethereum,Conference Paper,NA,Smart contracts are developed but no detailed tokenization techniques.,IEEE
P2P Energy Trading,Blockchain-based Energy Trading Platform for P2P Renewable Energy Sharing,A. S. S.H; P. V; K. S; S. B; K. S; P. Jayalakshmi,2025,"Sentiment Analysis, Electric Vehicles (EV), 
Decentralized Energy Market, Renewable Energy, Natural Language Processing (NLP), Decentralized Energy Trading Platform","Decentralized renewable energy sources has driven demand for secure and efficient peer-to-peer energy trading platforms, which are well suited to the increasing instability of energy distribution systems associated with decentralized renewable energy sources. We describe the design and implementation of a blockchain-based system that enables transparent, trustless, and automated energy exchanges between producers and consumers. Smart contracts are used on the platform to facilitate energy listings and payments, providing immutability and removing the need for middlemen. An interactive map allows users to find energy providers in their vicinity, and feedback given after the transaction is analyzed to track the quality of service provided. With a dual storage architecture featuring both blockchain and MySQL, we can ensure that data is both secure and accessible. User approvals and listing verifications are done through an administrator, maintaining platform integrity.",NA,Conference Paper,NA,Smart contracts are developed but no detailed tokenization techniques.,IEEE
P2P Energy Trading,Blockchain-Assisted Energy Trading Framework for Vehicle-to-Grid Integration,Y. Wimalasooriya; A. Batuwatta; S. Kamburugamuwa; C. Yapa; N. Dharmaweera; R. Wijeratne; U. Madawala,2025,"Electric Vehicles, Vehicle-to-Grid, Blockchain, Energy Tokenization, Smart Contracts, Demand-side Management","The rise of electric vehicles (EVs) creates a unique opportunity to improve grid stability by allowing bidirectional energy transfer via Vehicle-to-Grid (V2G) technology. This research presents a smart V2G integration architecture for EVs that can provide real-time demand-side energy support. The solution combines a dual-interface mobile application with a blockchain-based energy tokenization method to allow for safe and transparent energy transactions between EV owners and system operators. Core frontend and backend algorithms control energy availability estimation, discharge approvals, and dynamic pricing, assuring maximum EV participation while maintaining vehicle usability. Real-time data synchronization between the mobile application and Ethereum-based smart contracts provides safe and role-specific transaction execution. Validation results indicate the framework's ability to promote energy conservation through decentralized EV coordination.",Ethereum,Conference Paper,ERC-20,The contract uses the ERC-20 token standard V2G Energy Token (V2GET) to represent energy credits and payments. Lack of detailed tokenization process.,IEEE
P2P Energy Trading,Cooperative Games Over Blockchain and Smart Contracts for Self-Sufficient Energy Communities,L. Toderean; V. R. Chifu; T. Cioara; I. Anghel; C. B. Pop,2023,"Blockchain, cooperative games, self-sufficient energy communities, small scale prosumers, renewable energy integration","The household prosumers' decentralized cooperation and aggregation in energy communities are essential to increase renewable energy penetration and to ensure a successful energy transition. Despite their potential, the prosumers are not motivated to participate in local energy value chains due to the lack of trust and decentralized cooperation models for meeting community welfare and sustainability preferences, most innovation efforts being focused on financial incentives that are anyway very low. In this paper, we propose a solution for prosumers' decentralized coordination in self-sufficient energy communities using cooperative games on top of a blockchain overlay that considers their complementary energy features and flexibility mobilization. The proposed model for community-level local energy balance fits well in circumstances in which there is a strong motivation in the community to prioritize sustainability and environmental concerns and reduce dependence on external energy. We define a governance model to support the decentralized self-organization of prosumers in coalitions for balancing the renewable generation and demand while considering via tokenization factors that go beyond purely economic motivations and foster cooperation and collaboration among the prosumers in the community. Self-enforcing contracts are used to implement the cooperative game model enabling the decentralized management of prosumers' coalitions for optimized tokens-based payoff distribution towards self-sufficiency. The evaluation results show our solution's effectiveness in facilitating the prosumers cooperation in self-sufficient coalitions achieving a minimal difference between the energy consumption and production in the community of approximately 0.01%, with a low transactional time overhead.",Ethereum,Journal,LockableERC20 and ERC721,Prosumers receive LERC20 and ERC721 tokens  as rewards for their participation for the stable coalitions. Smart contracts are implemend and evaluated in a private Ethereum network with PoA consensus.,IEEE
P2P Energy Trading,Demo: Blockchain Application for Hydrogen Production and Distribution Tracing,Y. Madhwal; Y. Yanovich; M. Coveri,2023,"Blockchain, Smart contract,  Tokenization, 
Token Conversion","This paper discusses a blockchain-based system that uses a quantitative tokenized approach for the production and distribution of hydrogen fuel. Currently, the production of hydrogen fuel depends on the supply of water and electricity from external entities. Our decentralized application utilizes a smart contract deployed on a blockchain, enabling the seamless conversion of elements into fuel and the production and distribution process. The paper presents the application's workflow and demonstrates its potential to revolutionize the hydrogen fuel industry. This paper describes the application workflow. The code is available on GitHub.",Binance Smart Chain (EVM-compatible),Conference Paper,ERC-1155,It has detailed tokenization process with smart contracts developed and deployed.,IEEE
P2P Energy Trading,A Dual-Layer Architecture for Asset-Centric RWA Tokenization on Blockchain,"Umut Pekel, Oguz Yayla",2026,"Blockchain, infrastructure finance, asset-centric tokenization, renewable energy finance, property-right representation, policy-backed cash flows, direct asset participation","Infrastructure assets often generate stable, policy-backed cash flows, yet existing investment instruments bundle asset exposure with corporate balance-sheet and governance risks. Existing RWA tokenization does not change this; it still treats an asset as a contract-based claim rather than as the asset itself. We argue that reducing property rights (rights tied to the asset) to rights tied to a contract is a fundamental limitation, and one that a smart contract alone cannot overcome. What is needed is an object-centric model in which each asset unit carries its own identity and rights natively. We propose a dual-layer architecture that separates legal asset anchoring from investor-facing cash-flow participation. The first layer anchors the asset identity and legal linkage. The second layer issues participation units with a mutable yield-beneficiary pointer, allowing custody and cash-flow entitlement to be held independently. The architecture targets policy-backed infrastructure assets, such as renewable energy under feed-in tariffs, where generation, validation, and settlement are already institutionally established. A token-bound dividend routing algorithm distributes revenues at the individual token level via parallel batched transactions. Cost projections show that micro-distributions across one million tokens can be executed at negligible marginal cost under parallel execution, compared to prohibitive gas expenses in sequential EVM-based models. The contribution is a blockchain-native design space and representation model that gives investors exposure to asset-level yields, not to the risks of a corporate wrapper.",NA,Conference Paper,NA,"Renewable-energy infrastructure assets and their policy-backed revenue streams are represented through a proposed dual-layer Y-BIT architecture: a non-transferable on-chain asset anchor preserves asset identity and legal linkage, while fungible participation units represent shares of project-level cash flows with programmable yield-beneficiary routing; a settlement algorithm is proposed, but the paper presents a reference architecture rather than a deployment on a specific blockchain platform.",IEEE
P2P Energy Trading,Towards A Blockchain-Based Revenue Distribution Mechanism for Electrical Generators,"Bryan Bird, Almero de Villiers, Paul Cuffe",2023,"blockchain, smart contracts, electricity markets, tokenisation","Renewable energy generators have increased in number in recent years to meet the demand for the green transition. However, the inconsistent nature of the output from these sources, coupled with fluctuation in demand and market spot prices produces significant financial risk for renewable generators. An inflexible market structure exacerbates these effects, and renewable generators may benefit from a remodelled revenue distribution system. A potential solution to these problems could lie in distributed ledger technology, specifically blockchain. Advances in this technology have given rise to smart contracts—autonomous, immutable and transparent computer programs that reside on the blockchain network—that can enable new business models. This paper looks to utilise advances in blockchain smart contract technology to create a novel system for managing revenue streams. The paradigm suggests tokenising the right to a generator’s regular market remuneration, creating a new financial tool for stakeholders. A blockchain program consisting of a smart contract is developed, serving as an investigation into the granular workings of such a system. This smart contract manages generators and stakeholders, while directing the movement of tokens and currency. The code is deployed to the blockchain, and tested with simulated transactions to demonstrate the effectiveness of the mechanism. Further development of such a solution, specifically revenue sharing between grouped generators, could offer significant stability to financial models for renewable energy generators.",Ethereum,Conference Paper,ERC-1155,"A portion of each renewable generator’s regular electricity-sale revenue is subdivided into transferable Revenue-bearing Tokens (RevToks), giving holders pro rata claims on future revenue; a Solidity smart contract was developed using ERC-1155, deployed and tested on the Ethereum Goerli test network, to manage generators and stakeholders, mint RevToks when revenue is deposited, track ownership, and autonomously distribute funds to token holders.",IEEE
P2P Energy Trading,Blockchain Based Adaptive Non-Cooperative Game Strategy For Smart Power Contracts,Desh Deepak Sharma; Jeremy Lin; Atul Sarojwal; Ayan Sharma; Antas Sharma,2023,"adaptive observer, Blockchain, Networked Microgrids, Token, smart contract","The peer-to-peer energy trading on the decentralized platform among microgrids requires new approaches to be developed. The heterogeneous microgrids may be surplus or deficit power due to uncertainty in power generation and electric power demand. This paper proposes the blockchain-based adaptive non-cooperative game strategy among the owners of microgrids. The power token-based smart contracts have been created for energy trading among the networked microgrids. The smart contracts are made secure, reliable, and trustworthy with blockchain technology. The distributed identity-based microgrid (DIBM) scheme is designed to avoid the distributed denial of service (DDoS) attack. For the smart power contracts, the hash key has been obtained with python programming and other simulation work has been done in MATLAB.",NA,Conference Paper,NA,"Ethereum, Hyperledger, Bitcoin discussed; specific implementation not specified",IEEE
Energy Storage and Infrastructure,On Real-World-Asset Tokenization in Energy Storage Markets: Strategic Interactions Between Investors and Operators,Y. Lyu; T. Mo; X. Zhuang; W. Sun; L. Zeng; M. Ma,2026,"blockchain, tokenization, energy storage system, renewable energy, real-world asset, game theory, power purchase agreement","This study adopts a game-theoretical approach to investigate the impact of blockchain-enabled real-world asset (RWA) tokenization on the financing and operation of energy storage systems (ESSs). A bi-level Stackelberg-Nash game is formulated to capture the strategic interactions among the energy storage system developer, renewable energy generators, and offtakers (corporate energy buyers). A two-stage tokenization framework is proposed, where the developer issues pre-operation tokens to renewable generators in Stage 1 to raise construction capital, and operation-stage tokens to corporate offtakers in Stage 2 to enable the purchase of stored renewable electricity. The developer, acting as the Stackelberg leader, optimizes project scale, token prices, and profit-sharing ratio to maximize profit, while renewable generators and offtakers act as followers making decentralized token investment and purchase decisions under heterogeneous risk preferences and budget constraints. Analytical derivations reveal how token price, project capacity, and profitsharing schemes jointly shape investment participation, operational efficiency, and market integration. The elasticity-based analysis highlights the trade-offs between early-stage fundraising efficiency and long-term operational performance. The analytical results provide managerial insights into how tokenization may promote sustainable financing of large-scale energy storage projects within the renewable energy sector.",NA,Conference Paper,NA,"A two-stage tokenization framework is proposed, where the developer issues pre-operation tokens to renewable generators in Stage 1 to raise construction capital, and operation-stage tokens to corporate offtakers in Stage 2 to enable the purchase of stored renewable electricity. A bi-level Stackelberg-Nash game is formulated but no smart contracts are designed.",IEEE
Energy Storage and Infrastructure,"Blockchain as an ""Energy Accumulator"": Tokenized Storage, Price Arbitrage, and State-of-Charge Governance",N. Hinov; P. Stanchev,2025,"blockchain, energy storage, price arbitrage, 
tokenization, smart contracts, virtual power plant, microgrid","Volatile electricity prices enable arbitrage by charging storage when prices are low and discharging when prices are high. We propose a blockchain-backed ‚Äúenergy accumulator‚Äù for communities and microgrids that aggregates heterogeneous storage assets, tokenizes their time-coupled capacity (kWh‚Ä¢slot), and executes charge/discharge schedules via smart contracts connected to price and telemetry oracles. Off-chain forecasting and optimization generate dispatch plans; on-chain contracts provide transparent settlement, constraint enforcement (SoC, cycle limits), and profit sharing. The concept targets low transaction latency (minutes) and negligible onchain overhead relative to arbitrage margin. We outline a simulation framework using historical price series, storage models with degradation costs, and compare three governance modes: centralized operator, permissioned blockchain (PBFT/PoA), and public L2 rollup. Key metrics include arbitrage profit, peak reduction, SoC violations, gas/fees, and $\text{CO}_{2}$ impact. Results (to be developed) will quantify where blockchain brings net value beyond centralized coordination.",Ethereum,Conference Paper,NA,Detailed Tokenization of Storage Capacity is described and implemented into smart contracts.,IEEE
Energy Storage and Infrastructure,Blockchain-Enabled Market Clearing Mechanism for Peer-to-Peer Energy Storage Sharing,Z. Ren; H. Duan; H. Dai; X. Fan; C. Zhang; X. Hu,2025,"Blockchain-based shared energy storage, peer-to-peer (P2P) market framework, sealed-bid commit-reveal process, uniform capacity price, convex social-welfare optimization","This paper first classifies blockchain-based shared energy storage studies into three deployment modes, namely community sharing, cloud sharing, and peer-to-peer (P2P) sharing, and summarizes how blockchain reshapes market mechanisms and data governance in these settings. Building on these insights, we develop a blockchain-enabled P2P market framework that tokenizes time-sliced capacity rights and clears a uniform capacity price through a sealed-bid commit-reveal process. The proposed framework establishes a privacy-preserving market microstructure where sellers and buyers submit piecewise capacity bids across delivery windows, and smart contracts execute commitment verification, convex welfare-based capacity clearing, and auditable settlement. The clearing problem is formulated as a convex social-welfare optimization and reduced to a onedimensional dual problem, yielding closed-form expressions for the uniform price and primal allocations. Furthermore, the framework specifies deposit rules and capacity-right tokenization to ensure verifiable settlement. Future research directions include degradation-aware pricing, real-time capacity verification, and streaming settlement aligned with realized energy delivery.",NA,Conference Paper,NA,It has detailed analytical market model but no smart contracts are developed. NFT tokens are used to model the energy storage.,IEEE
Energy Storage and Infrastructure,Blockchain and NFT-Based Smart Contracts for Proportional Revenue Distribution in Solar Energy,Yun Wing Kiang; King Hang Lam,2025,"Tokenization, Renewable Energy, Blockchain, Smart contracts","Tokenization of renewable energy infrastructure using blockchain and smart contracts enables novel financing and revenue sharing models for sustainable projects. We present an end-to-end system that issues non-fungible tokens (NFTs) representing fractional ownership of a solar photovoltaic asset, coupled with a pull-based smart contract mechanism to securely distribute energy revenue to token holders. We evaluate the approach on Ethereum and Layer-2 networks using an off-chain emulation calibrated to actual gas schedules, analyzing both financial viability and scalability. Simulations using real solar generation and price data show that NFT-based crowdfunding can deliver investor internal rates of return around 9% in a 5 MWdc baseline while reducing the reliance on traditional financial intermediaries. Our gas-cost analysis demonstrates that Layer-2 rollups and upcoming protocol improvements (e.g., EIP-4844) reduce distribution costs to well below 0.01% of project revenue, ensuring the model can scale to large numbers of participants. The proposed design enhances transparency and inclusivity in renewable energy investment, illustrating how blockchain can support climate finance by unlocking new sources of capital and automating trust intensive processes.",Ethereum,Conference Paper,ERC-721,ERC-721 NFTs representing fractional ownership of a solar PV asset with automated revenue-distribution smart contracts,IEEE
Energy Storage and Infrastructure,Element and Everything Tokens: Two-Tier Architecture for Mobilizing Alternative Assets,"Ailiya Borjigin, Cong He, Charles CC Lee, Wei Zhou, Chiang Liang Kok",2025,"Programmable asset issuance, fractional ownership, real-world assets, blockchain, liquidity, composite tokens, arbitrage","Alternative assets such as mines, power plants, or infrastructure projects are often large, heterogeneous bundles of resources, rights, and outputs whose value is difficult to trade or fractionalize under traditional frameworks. This paper proposes a novel two-tier tokenization architecture to enhance the liquidity and transparency of such complex assets. We introduce the concepts of Element Tokens and Everything Tokens: elemental tokens represent standardized, fully collateralized components of an asset (e.g., outputs, rights, or credits), while an everything token represents the entire asset as a fixed combination of those elements. The architecture enables both fine-grained partial ownership and integrated whole-asset ownership through a system of two-way convertibility. We detail the design and mechanics of this system, including an arbitrage mechanism that keeps the price of the composite token aligned with the net asset value of its constituents. Through illustrative examples in the energy and industrial sectors, we demonstrate that our approach allows previously illiquid, high-value projects to be fractionalized and traded akin to stocks or exchange-traded funds (ETFs). We discuss the benefits for investors and asset owners, such as lower entry barriers, improved price discovery, and flexible financing, as well as the considerations for implementation and regulation.",Ethereum,Conference Paper,ERC-1155,"Proposes a two-tier tokenization framework where asset components are tokenized as fully collateralized Element Tokens and combined into an Everything Token representing the whole asset; smart contracts support minting, redemption, conversion, arbitrage, yield distribution, and asset-backed issuance.",IEEE
RECs and Carbon Tracking,"Tokenizing Renewable Energy Certificates
(RECs) A Blockchain Approach
for REC Issuance and Trading",YANJUN ZUO,2022,"Blockchain, renewable energy certicate, tokenization, simulation, platform.","Renewable Energy Certi cate (REC) is a market-based instrument and tracking mechanism for electricity generated from renewable sources as they  ow into the power grid. The current REC issuance and tracking system is centralized, highly regulated, and operationally expensive.We proposed a blockchainbased, decentralized platform for REC issuance and trading by allowing greater traceability and transparency in transactions and reducing the operational costs of REC exchanges. The main design of the platform is to tokenize RECs and provides a decentralized, trustworthy mechanism for REC issuance, trading, veri cation, and retirement. The platform provides low costs, transparency, and easy to use. Representing RECs as blockchain tokens ensures that the trustworthy information is immutably recorded and available for all stakeholders to track and verify, thereby improving the reliability and security of the REC issuance and tracking systems.We present the design of the platform and detailed simulations of REC issuance and trading.",Multichain,Journal,NFT,REC tokeniation has technical details,IEEE
RECs and Carbon Tracking,Tokenization of RECs Using Ethereum Blockchain,"Debani Prasad Mishra, Rupsa Pramanik, Soubhagya Ranjan Mallick",2024,"Tokenization, Renewable Energy Certificates
(RECs), Blockchain, Smart Contracts, Transparency,
Sustainability","Contributing significantly to the accomplishment of renewable energy goals and the overall decrease in carbon emissions, this is crucial in verifying and recording the production of renewable energies. However, a few problems with the current REC market have to do with effectiveness, accessibility, and transparency. An in-depth evaluation of the REC tokenisation concept is presented in this article, with an emphasis on the Ethereum blockchain platform. This article examines the current system’s flaws and difficulties through the lens of blockchain technology’s potential usage in renewable energy certificate management. Its goal is to provide a framework for comprehensive process control, tracking, and accounting of renewable energy related to transactions. This checks that the distribution is secure and leaves a trail of ownership from the donor to the receivers. It fixes the issue where the power trading centre platform doesn’t have the tools to track and evaluate its renewable energy usage.",Ethereum,Conference Paper,ERC-721,REC tokeniation with some  technical details and evaluations,IEEE
RECs and Carbon Tracking,Blockchain Technology in Renewable Energy Certificates in Brazil,"João Akio Ribeiro Yamaguch, Teresa Rachael Santos,  André Pereira de Carvalho",2021,"blockchain, design science research, renewable energy certificates, energy ","Several renewable energy certificate (RECs) applications point out that the blockchain technology can be useful in ensuring the traceability and transparency of transactions, despite some barriers to its implementation, such as the legal and market development. However, it is not clear how the organizational positioning, in relation to its given market, influences the artifact developed. In this study, through design science research (DSR) and case study methodology, we structure the problem space of two different positioned organizations in the sustainability field, with blockchain-based applications to produce and trade RECs. We find out that: (a) the position of the organization in relation to other stakeholders changes the behavior of the technology adoption; (b) the technological solution preceded the perception of the problem; (c) organizations create different representations of the artifact for each stakeholder. We suggest other studies to deepen these findings in order to better develop theories that explain how organizations see their problem when developing technological solutions while using DSR.",NA,Journal,NA,The concept of REC tokenization with blockchain; non-technical interviews,ScienceDirect
RECs and Carbon Tracking,Blockchain-Enabled Renewable Energy Certificate Trading: A Secure and Privacy-Preserving Approach,"Wei-Jen Liu, Wei-Yu Chiu, and Weiqi Hua",2026,"Blockchain, Directed Acyclic Graphs, Energy trading, Privacy-Preserving, Renewable Energy Certificates, Renewable Energy, Security","In the 21st century, transitioning to renewable energy sources is imperative, with fossil fuel reserves depleting rapidly and recognizing critical environmental issues such as climate change, air pollution, water pollution, and habitat destruction. Embracing renewable energy is not only an environmental necessity but also a strategic move with multiple benefits. By shifting to renewable energy sources and supporting their production through the acquisition of renewable energy certificates, we foster innovation and drive economic growth in the renewable energy sector. This, in turn, reduces greenhouse gas emissions, aligning with global efforts to mitigate climate change. Additionally, renewable energy certificates ensure compliance with regulations that mandate the use of renewable energy, enhancing legal adherence while promoting transparency and trust in energy sourcing. To monitor the uptake of renewable energy, governments have implemented Renewable Energy Certificates (RECs) as a tracking mechanism for the production and consumption of renewable energy. However, there are two main challenges to the existing REC schema: 1) The RECs have not been globally adopted due to inconsistent design; 2) The consumer privacy has not been well incorporated in the design of blockchain. In this study, we investigate the trading of RECs between suppliers and consumers using the directed acyclic graph (DAG) blockchain system and introduce a trading schema to help protect consumer information. Our results demonstrate lower transaction time by 41% and energy consumption by 65% compared to proof-of-stake.",DAG blockchain,Journal,NA,technical details of REC tokenization on a DAG blockchain,ScienceDirect
RECs and Carbon Tracking,Research and Application of Renewable Energy Power Consumption Certificate Based on Blockchain,Tingting Duan; Da Li; Qinglei Guo; Hejian Wang; Desheng Bai,2021,"renewable energy power, blockchain technology,
consumption certificate","With China's steady progress in the development and construction of renewable energy, the proportion of renewable energy in China is increasing, and the willingness of market players to purchase renewable energy power is increasing. However, the existing technical means have single tracking indicators, low reliability, difficult supervision, and can not track the consumption of users safely, transparently and efficiently. The paper introduces blockchain technology into renewable energy consumption voucher transaction. Firstly, it introduces the problems faced by renewable energy power consumption vouchers; Secondly, it studies the key technologies of blockchain to meet the power consumption demand of renewable energy; Finally, a renewable energy power consumption voucher management method based on blockchain technology is designed.",NA,Conference Paper,NA,A renewable energy power consumption voucher management method based on blockchain is designed but without any smart contract or Dapp implmemtations.,IEEE
RECs and Carbon Tracking,Energy Consumption Tokens for Blockchain-Based End-to-End Trading of Green Energy Certificates,Maximilian Eickhoff; Armin Exner; Axel Busboom,2023,"blockchain, energy attribute certificates, Energy Web Origin","In many regions of the world, energy attribute certificates (EACs) are created, stored and traded by means of centralized registries. These systems, which are often accused of being used for “greenwashing”, are usually country-specific and pose prohibitive administrative and economic barriers for small energy producers or prosumers. Blockchain-based approaches are widely considered an open, decentralized, transparent and more granular alternative. One of the technically mature solutions is Energy Web Origin. While this platform implements the concept of electricity generation devices, it does not provide any means of tying the use of an EAC to a point of consumption, such as a smart meter, a data center, or an industrial facility. To mitigate this limitation, we propose an extension of the Energy Web Origin system by an architecture that utilizes a consumption token based on the Ethereum ERC-721 standard. We assess the technical feasibility and scalability by measuring the amount of computing power (“gas”) required to run this extension on the Energy Web Chain.",Ethereum,Conference Paper,ERC-721/ERC-1888,"One crucial aspect of the system is its balancing functionality
that allows the equalization of ERC-1888 generation
tokens against ERC-721 consumption tokens. This feature enables
a transparent tracking of electrical energy from its origin
to its point of consumption.",IEEE
RECs and Carbon Tracking,Blockchain-based renewable energy certificate system in Indonesia,"Indri Haryani a , Indra Ardhanayudha Aditya Sri Widiyanesti c,* , Andry Alamsyah c a , Almareta Harasti Nuraini , Eva Nurhazizah Naufal Hakim c , Tanti Ruwani d c , Muhammad , Mochamad Zaky Dwi Arli Ditertian Girawan",2025,"Blockchain, Tokenization, Renewable energy certificate (REC),  Traceability, Sustainability","The renewable Energy Certificate (REC) schemes play a crucial role in combating climate change and promoting sustainable living. However, issues such as traceability, lack of transparency, and user awareness limit its effectiveness. The current study aims to address such limitation by proposing a blockchain-based solution for Indonesia’s electricity grid which can enhance end-to- end traceability, real-time data access, and tamper-proof records. The methodology encompasses interview with energy stakeholders, blockchain model development, prototyping, and evaluation of its efficacy. Results show that blockchain technology can revolutionize Indonesian REC market by improving security, traceability, and promote stakeholders’ trust. The proposed framework addresses current system limitation and introduces a semi-fungible REC token for secure issuance, trading, and verification. Our solution offers a scalable model that can support Indonesia and global green energy adoption and sustainable living.",Ethereum,Journal,ERC-1155 ,"We designed the detailed Semi-Fungible Token (SFT) structure based on the findings of the stakeholder interview. The fundamental idea of SFTs is to create unique batches of RECs and represent them with fungible tokens containing a portion value of a whole REC. Accordingly, SFTs contain information such as which REC batch it represents, its electricity value, who purchases the token, and the RE plant producing the REC. Since blockchain is transparent, including the information mentioned will make it easier to trace back the token’s origins and audit purposes.",ScienceDirect
RECs and Carbon Tracking,Blockchain-based renewable energy certificate trade for low-carbon community of active energy agents,"S. Fu, Y. Tan, Z. Xu",2023,"active energy agent (AEA), renewable portfolio standard (RPS), blockchain-based renewable energy certificate (BCREC) trade, smart contract, peer-to-peer (P2P) transaction, blockchain oracle","The future distribution grid is a peer-to-peer (P2P) community formed by a large number of active energy agents (AEAs), and renewable energy certificate (REC) trading is an efficient way to realize a low-carbon AEA community. AEAs can trade not only electricity but also RECs among themselves to economically and efficiently meet the renewable portfolio standard (RPS) requirements. Aiming to lower the market barrier and increase the trading benefits for market participants, this paper proposes a blockchain-based renewable energy certificate (BCREC) that supports divisible and multiple transactions. The trade process includes four stages: setup, pre-transaction, transaction, and post-transaction. A scheme based on blockchain oracles and smart contracts is implemented to achieve decentralized BCREC issuance and transaction and to support a more flexible trading market. By exploring two typical market scenarios, we verify the advantages of BCREC trading and evaluate its impacts on AEA profits and market efficiency.",Ethereum,Journal,ERC-20,"This paper proposes a BCREC system based on blockchain technology to solve the REC trading problem in the AEA community. It has detailed technical design,  implementation, and evaluation.",MDPI
RECs and Carbon Tracking,A blockchain-based model for token renewable energy certificate offers,"Naielly Lopes Marques, Leonardo Lima Gomes, Luiz Eduardo Brandão",2023,"blockchain, renewable energy certificates, real options approach, market uncertainty, energy sector.","This article proposes an investment model for a renewable energy generator that allows it to earn the right to issue Renewable Energy Certificates (RECs) and sell them through quarterly sales auctions promoted by the blockchain. Blockchain technology can further promote the RECs market, as it enables tokenization and distribution of certificates. We did not find articles in the literature that analyze the decision to invest in decentralized autonomous organizations (DAOs) that have rules for issuing and trading RECs specified in smart contracts, which are executed and validated by the blockchain. This article contributes to the literature on blockchain technology applications in the renewable energy market by proposing issuing and selling RECs tokens through a DAO. The relevance of this research is that it shows that simple real option pricing methods can help decision-makers evaluate investment opportunities under uncertainty and flexibility. The tokenization and distribution of RECs via blockchain can promote transaction agility, reduce or eliminate bureaucracy in the means of payment, and increase the security and transparency of transactions. We propose a model for issuing and selling RECs in smart contracts. We assume that the generator has the flexibility to invest now or in one year to enter the platform, considering the energy generated in one year by a single typical 4MW wind turbine. Our model assumes that the price of the REC token follows an inverse demand function subject to stochastic shocks. The results contribute to the understanding of the performance dynamics of digital products under uncertainty and flexibility and show that distributed ledger technology (DLT) may be a viable alternative for renewable energy incentives.",NA,Journal,NA,It proposes a decentralized autonomous organization (DAO) issuance and sale of RECs tokens. No details about the implementations.,Wiley
RECs and Carbon Tracking,Renewable energy certificate trading via permissioned blockchain ,"D. Wang, J. Xuan, Z. Chen, D. Li, R. Shi",2021,"renewable energy certificate, tokenization, REC trading, permissioned blockchain","With the continuous advancement of the green certificate trading mechanism, information veri4cation needs to span multiple departments, which causes the application process cumbersome and human errors. In order to solve problems of cumbersome issuance process of the renewable energy certificate (REC) and the in8exible pricing mechanism, in this paper, a hybrid REC trading system was proposed based on an permissioned blockchain technology (BT), which combined advantages of the BT and the continuous double auction (CDA). The operation process of the system was introduced in detail, and the view change protocol
in the Practical Byzantine Fault Tolerance algorithm was revised according to the characteristics of the system to improve the system stability. The continuous double auction rule was also introduced in the system. And corresponding bidding strategies were designed to maximize the revenue of users (buyer and seller) and transaction probability. The simulation experiment proves that the bidding mechanism can 8exibly adjust the REC price according to the supply and demand relationship. At the same time, the effectiveness and feasibility of trading rule and bidding strategy were also verified.",PBFT permissioned blockchain,Journal,NA,"we proposed a hybrid REC trading system for the o>-
chain bidding and on-chain transaction, which combined
advantages of the BT and CDA and was based on permissioned
blockchain (HRECTS-PBC). It contains detailed design and example analysis of the proposed solution.",Springer
RECs and Carbon Tracking,"Cybersecure and scalable, token-based renewable energy certificate framework using blockchain-enabled trading platform","Umit Cali, Murat Kuzlu, D. Jonathan Sebastian-Cardenas, Onur Elma, Manisa Pipattanasomporn & Ramesh Reddi ",2022,"Renewable energy certificate,
Distributed ledger technology,
NIST cybersecurity frameworks","Decarbonization of energy systems has been a recent trend during the last two decades where large-scale renewable energy sources (RES) are integrated into the modern power systems. Various countries have developed new energy policy instruments, such as Renewable Energy Certificates (RECs), to promote the growth of RES. RECs are tradable, non-tangible assets, which have a monetary value. Tracking and certification of the origin of an energy resource regardless of its type (e.g., a conventional power plant or RES) are a critical operation. In addition to the certification of origin, trading transactions must be performed using a secure method. Energy industry participants need to secure the data and applications related to RECs. Digitalization technologies such as artificial intelligence (AI) and distributed ledger technology (DLT) are among the most popular and promising options. DLT is a perfect framework that can support such REC functionalities. This paper addresses the cybersecurity aspects in REC trading using blockchain and distributed ledger technology, considering detailed cybersecurity perspectives and aspects of adopting technology from an organizational perspective.",NA,Journal,NA,"This paper presents a technical evaluation of blockchain technology for tracking renewable energy. The approach relies on representing energy as a virtual token; a digital certificate that can represent an event or asset using strong cryptographic functions that prove authenticity and ownership, which can then be efficiently tracked in a computerized approach, particularly in a DLT environment. Detailed requirements are described but no implememtations.",ScienceDirect
RECs and Carbon Tracking,Sustainable NFTs: Enabling green energy adoption through IoT-integrated Blockchain tokenization of carbon offsets,"Madhusudan Naik a , Akhilendra Pratap Singh Sachi Nandan Mohanty a f,g , Muhammad Rafiq b c , Nihar Ranjan Pradhan , Sarra Ayouni d a ,  , M. Ijaz Khan",2026,Blockchain Non-fungible token (NFTs) Consumer marketplace Solidity Carbon offset Ethereum and caliper,"The rapid emergence of Non-Fungible Tokens (NFTs) has brought innovation and concerns to the consumer digital world. To promote green energy adoption and to combat environmental impact caused by carbon emission, it is essential to address the growing scrutiny of blockchain-based activities, particularly NFTs, for their energy consumption. Aligning technological advancements with environmental sustainability has therefore become an urgent priority. This paper proposes a blockchain-based Sustainable NFT framework that tokenizes verified carbon offsets using ERC-721 NFTs on the Ethereum blockchain. The framework enables the tokenization of carbon offset credits while linking NFT transactions to verifiable reductions in carbon emissions. This approach ensures that every NFT transaction mitigates its carbon footprint by funding renewable energy projects, reforestation initiatives, or other emission-reduction efforts. By providing a transparent mechanism for measuring environmental impact, Sustainable NFTs actively engage digital creators, collectors, and platforms in combating climate change. Smart contracts enforce carbon offset participation, establishing a consumer NFT marketplace dedicated to sustainable practices and introducing strategies to incentivize user participation in the minting, trading, and retirement of carbon offsets. The significance of this research lies in its potential to transform the NFT ecosystem from an environmental liability into a force for positive change. By encouraging sustainable practices and renewable energy investments within the consumer digital art community, Sustainable NFTs aim to reduce carbon emissions and foster a more responsible digital economy. Finally, the performance of the proposed framework is evaluated using Hyperledger Caliper under varying transaction loads to demonstrate the efficiency and effectiveness of the model.",Ethereum,Journal,ERC-721,"It has detailed design and implementations of  a sustainable NFT framework, which enables the tokenization of carbon offset credits while linking NFT transactions to verifiable reductions in carbon emissions.",ScienceDirect
RECs and Carbon Tracking,Blockchain-based Architecture for Renewable Energy Certificates,Jeffson Sousa; Vinicius Duarte; Daniel Robson Pinto; Mauricio Pinto; Fabio Taniguchi; Ismael Á Vila,2025,"Blockchain, Tokenization, I-REC, Smart Contracts, Renewable Energy","This paper presents a blockchain-based architecture for tokenizing I-RECs, ensuring transparency, security, and lifecycle automation. Smart contracts prevent fraud and double trading, while integration with platforms like TOTUM guarantees authenticity. A proof of concept validates the solution’s traceability and scalability.",Ethereum,Conference Paper,ERC-721 or ERC-1155,"The prototype validated the feasibility of the proposed tokenized environmental asset marketplace, integrating
blockchain, orchestration middleware, and user-friendly web
interfaces. Its functionalities were modeled from user stories
and sequence diagrams to guarantee secure, automated, and
auditable interactions.",IEEE
RECs and Carbon Tracking,A Blockchain-Based Decentralized Smart Contract Framework for Secure and Transparent Issuance and Trading of Renewable Energy Certificates (RECs),H. M. Imran Hassan; Syed Enam Reza; Md Rafiqul Islam; A N M Obaidullah,2026,"Renewable Energy Certificate, REC Trading,  Renewable Purchase Obligation, I-REC, blockchain, Smart Contract","The study explores the development of the I-REC standardized REC Trading Framework for Bangladesh, which can facilitate both local & international REC trading through a Nodal Agency. To implement such REC trading system, it is essential to establish a reliable, robust, transparent and secured REC trading platform that can gain global recognition and acceptance. Blockchain technology can play a crucial role to ensure transparency, security and trust in REC trading and verification system, as it offers a tamper-proof distributed ledger where RECs can be tracked from the issuance to the retirement. The entire process can be made automated using the self-executing algorithm called Smart Contract. This approach accelerates transaction processing and improves efficiency of record-keeping, minimizing the administrative overhead. Transactions such as the issuance, transfer, and redemption of RECs are securely recorded on the blockchain using cryptographic hashes of each block, making the process tamperresistant and easily auditable by all parties, thereby reducing the risk of fraud. Since blockchain employs a distributed ledger that is accessible to all stakeholders, global validators can independently verify the REC claims. The system's viability for national-scale deployment was validated using Ethers.js and the Remix VM, while its resilience was confirmed through a STRIDE-based threat assessment.",Ethereum,Conference Paper,ERC-1155,REC tokenization and related smart contracts are  implemented using ERC-1155.,IEEE
RECs and Carbon Tracking,Toward a Secure Tokenized Green Credit Management System: Case Study of WREGIS,Mahmudun Nabi & Reihaneh Safavi-Naini ,2025,"Blockchain and Smart Contract, Renewable Energy, Green Credit Tokenization","Renewable energy (RE) registries are centralized systems that track and manage Renewable Energy Certificates (RECs) that provide a proof that the claimed RE activity has occurred. In this work, we study the Western Renewable Energy Generation Information System (WREGIS), a widely used web-based tracking system in the western United States and Canada, and motivate the need for decentralization. We then propose a blockchain-based system for green credit management for WREGIS that uses a combination of private and public blockchains to remove the intermediaries, to allow small producers to directly receive green credit tokens for their energy production and be able to participate in the renewable energy market. The system allows verification of users’ claims and issuance of tokens using smart contracts on a private and public blockchains, respectively. We show the correctness and security of the token generation process, and that the system provides a high level of privacy for energy producers. We give descriptions of smart contracts in the two chains and details of our proof-of-concept implementation of the system, and evaluate transaction costs and efficiency of the system. Our work serves as an approach to the tokenization of other green credit systems.",Ethereum,Conference Paper,ERC-20,"We provide a proof-of-concept implementation to estimate costs and evaluate the practicality of the proposed token generation process by measuring the com-putational time and storage overhead of cryptographic operations and gas costs for executing smart contract functions on the public blockchain. We use OpenZeppelin’s bn256Pairing library for ZKP verification in Solidity, enabling gas cost estimation for proof verification on the public blockchain.",IEEE
RECs and Carbon Tracking,Towards Zero Trust Security for Prosumer-Driven Verifiable Green Energy Certificates,Saqib Rasool; Afshan Saleem; Muhammad Ikram ul Haq; Rune Hylsberg Jacobsen,2024,"Self-sovereign Identity, Zero-Trust Security, Blockchain-enabled Transactive Energy, Green Energy, Energy Certificates, Concordium, IOTA Tangle","In response to the critical need for environmentally sustainable practices, green energy certificates have emerged as a key mechanism to prevent greenwashing and ensure the authenticity of renewable energy sources. While incorporating blockchain technology has significantly enhanced the trans-parency and verifiability of these certificates, it has also intro-duced a trade-off in terms of increased operational costs due to the added control mechanisms of the blockchain. This challenge led to recent advancements in the state-of-the-art blockchain-based framework for verifiable green energy certificates, integrating trustworthy registries to balance trust and operational efficiency to enhance feasibility for real-world deployments. Our paper extended the same framework to elevate the trust factor without incurring additional operational costs of blockchain. At the heart of our proposed solution is integrating Self-Sovereign Identity (SSI), a technology that bolsters the system's reliability and empowers users/devices with control over their digital identities. By harmonizing the strengths of the Distributed Ledger Technologies (DLT) of IOTA with the public blockchain of Concordium, our framework maintains the integrity and transparency of the green energy certification process. It propels the system towards zero-trust security by distributing trust from a few centralized registries to many decentralized prosumer meters.",IOTA Tangle,Conference Paper,Hybrid (Blockchain + DLT),"This paper presents a hybrid and decentralized framework
for facilitating the issuance and verification of green energy
certificates at the prosumer level.
Solution is in a high-level design without smart contract or Dapp implementations.",Springer
RECs and Carbon Tracking,"Blockchain-Enabled Framework for Sustainable Energy Certificates: A Novel Approach to Transparency, Scalability, and Consumer Engagement","Chiang Liang Kok, Jovan Bowen Heng, Brendon Choo, Nicholas Tan & Abishek Dhandapani ",2026,"Blockchain, Sustainable energy certificates, IoT integration, Layer 2 scalability, Tokenized marketplace, Zero-knowledge proofs, AI analytics, Gamification, Energy transparency, Renewable energy trading","This chapter introduces a novel blockchain-based framework for managing Sustainable Energy Certificates (SECs) that integrates real-time IoT data, Layer 2 scalability solutions, tokenized marketplaces, and advanced cryptography to ensure transparency and efficiency. The system leverages IoT-enabled smart meters for automated SEC issuance, while a decentralized marketplace facilitates peer-to-peer trading. Layer 2 technologies address scalability challenges, enabling high transaction volumes at reduced costs. Advanced cryptographic methods, such as zero-knowledge proofs (ZKPs), enhance data privacy while maintaining trust. The inclusion of AI-powered analytics offers predictive insights into energy trends, and gamification incentivizes sustainable practices among consumers. Backed by evidence from case studies, MDPI research, and real-world implementations, the proposed framework addresses current system inefficiencies, including centralization, high costs, and fraud. This chapter establishes the feasibility of the proposed solution and its potential to transform global energy markets.
",NA,Conference Paper,NA,"High-level architecture design with blockchain, IoT, and  ZKP. But no smart contracts or DApps are implemented.",Springer
RECs and Carbon Tracking,Electric Vehicle Charging with Fractional Renewable Energy Certificates Using Blockchain Technology,Olayinka Ayo; Huajun Zhang; Roberto Moreira; Dominique Bertin; Nidhal Zribi,2023,"Tokenised ESG assets, Fractional RECs, Electric Vehicle charging, Blockchain, Green traceability, Energy mix","Renewable Energy certificates (RECs), as Environ-mental, Social and Governance (ESG) assets, are growing in value globally, based on the need to solve climate challenges. RECs are also proven viable market-friendly instruments, with carbon markets exponentially growing for trading them, since they facilitate measuring and tracking energy from clean renewable sources. However, RECs are subject to traceability, reliability, security, and high costs challenges, especially when used within a system for decentralised energy assets. This article explored RECs with blockchain technology, to manage traceability of RECs for making smaller, decentralised energy assets green by matching energy consumption with renewable energy production. A proof-of-concept (POC) was developed around EV charging with fractional RECs, with three RECs use cases tested in a microgrid demonstrator in Singapore. The prioritized use cases were used to depict scenarios for how individuals and businesses with or without renewable energy assets can acquire RECs to achieve their decarbonisation goals.",NA,Conference Paper,NA,"A proof-of-concept (POC) was developed around EV charging
with fractional RECs, with three RECs use cases tested in a
microgrid demonstrator in Singapore.",IEEE
RECs and Carbon Tracking,Privacy-Preserving Energy Trading with Applications to Renewable Energy Communities,Simona Ramos & Connor Mcmenamin ,2024,"Renewable energy certificate, Blockchain, Privacy","We present a comprehensive framework that enhances coordination, privacy, and incentive alignment within RECs, while empowering them to establish a trustworthy reputation in the eyes of relevant external stakeholders. Our privacy-preserving energy trading protocol enables secure communication of energy supply and demand. With tokenized incentives, users are encouraged to publish usage profiles and trade energy in a community-controlled public forum. This allows all users in the community to benefit from typically cheaper locally produced renewable energy, while also allowing the community as a whole to more effectively balance energy supply and demand, without compromising sensitive data confidentiality. With our blockchain-based protocol, we aim to contribute to the further adoption of sustainable energy at a community level, laying a foundation for more extensive societal and environmental benefits in RECs.
",NA,Book Chapter,NA,No smart contract designed,Springer
RECs and Carbon Tracking,Carboncoin: Blockchain Tokenization of Carbon Emissions with ESG-based Reputation,O. Golding; G. Yu; Q. Lu; X. Xu,2022,"blockchain, tokenization, carbon emission","Recent blockchain-based carbon markets focus on permit-based trading requiring manual application processes to grant the right for carbon emission. A decentralized blockchain-based carbon market without relying on off-chain permits is yet to be explored. In this paper, we present a new design of blockchain-based carbon trading through the introduction of Carboncoin ‚Äì a blockchain asset which tokenizes the right of energy producers to emit carbon. Instead of relying on off-chain and centralized permits, producers are allowed to freely exchange Carboncoin with each other for fiat currency. By using an on-chain asset, carbon production can be automatically expensed whenever a producer records new energy production which is certified on the blockchain. Moreover, the proposed design enables generic ESG (Environmental, Social and Governance) data to be used to provide a more holistic reputation score inclusive of ESG initiatives undertaken by market participants. We conclude that entirely blockchain-based carbon markets can be made more comprehensive using ESG data and on-chain assets, but at the cost of reduced performance.",Hyperledger Fabric,Conference Paper,NA,Carboncoin is a blockchain asset which tokenizes the right of energy producers to emit carbon. It has details of the life-cycle of Carboncoin from its allocation to destruction and the industry patterns applied to each state of the life-cycle. Smart contracts are implemented.,IEEE
RECs and Carbon Tracking,Building a Sustainable Business Model Through the Integration of Blockchain and Green Technologies,"Kishali Jerosha, B Kavitha Rani, Kannan J, Zaid Ajzan Balassem, Thammishati Annapurna, Pramod Kumar Naik",2025,"Blockchain, Green Technologies, Carbon Credits, Peer-to-Peer Energy Trading, Smart Contracts, ESG Compliance, Sustainable Business Models","In the light of frequent requests from the business sector, blockchain technology and green innovations are integrated into sustainable business models to improve transparency, efficiency, and environment responsibility. This paper presents GreenChain, a blockchain based decentralized framework which helps businesses in attaining sustainability by carbon credit tokenization, peer to peer (P2P) renewable energy trading, and smart green impact analytics powered by artificial intelligence. According to the proposed system, sustainable transactions are accomplished through smart contracts, which guarantee a safe hand and trust reduction of mediators and eliminate the risks of green washing. Incorporating Internet of Things (IoT) based energy monitoring of actual time carbon emissions to be able to earn and trade blockchain verified carbon credits, the framework is integrated. Additionally, it allows tokenized investments to fund green projects in a decentralized finance (DeFi) mechanism. The feasibility of low cost, high security transactions is also discussed in terms of analysis of performance, which render it into a viable alternative of conventional means of sustainability tracking mechanism. This paper discusses its research on the use of blockchain towards carbon footprint, energy efficiency and circular economy. The results suggest that both the GreenChain model strengthens accountability and facilitates ESG compliance, which avers the industry’s transition towards a sustainable future.",Hyperledger Fabric,Conference Paper,NA,Carbon credits are tokenized within the GreenChain framework and traded using blockchain-enabled smart contracts; smart contracts automate carbon-credit and renewable-energy transactions.,IEEE
RECs and Carbon Tracking,Blockchain Powered Carbon Credit Trading System using CAP-and-Trade Mechanism,"Chaitali Patil, Kushal Birla, Pushkar Sunilkumar Nikumb, Hitesh Kailash Patil",2024,"Carbon credits, greenhouse gas emission, blockchain, CAP-and-Trade mechanism, smart contracts, tokenization, annual emissions report","Climate change is the greatest long term threat that the global Community is currently facing. In response, many countries are submitting enhanced Nationally Determined Contributions (NDCs) to the UN, committing to reduce greenhouse gas (GHG) emissions by 2030. The proposed solution aims to develop a fully-functional, automatic and blockchain-powered Carbon trading platform that enables market participants to track, manage and trade GHG Credits while also helping the government to verify actual emission reductions. Blockchain-based architecture ensures that emissions data is tamper-proof, auditable and securely recorded, enhancing accountability and participant trust. The carbon trading platform runs on CAP-and-Trade mechanism which is Government regulated Compliance market.",Ethereum / Polygon Mumbai,Conference Paper,"ERC-20, ERC-721, ERC-4626","Carbon credits are tokenized as ERC-20 tokens, registration certificates as ERC-721 NFTs, and exchange liquidity is managed through ERC-4626 vault contracts; multiple smart contracts are implemented for minting, auditing, registration, and trading.",IEEE
RECs and Carbon Tracking,AI Carbon Credit Verifier,Suhas Bhise; Sandip Bobade; Shiva Pachade; Khushi Padole; Rudrapratap Paghal; Mayuri Pardeshi,2026,"carbon credits, blockchain, fraud detection, AI validation, satellite remote sensing, NDVI, Sentinel-2, smart contracts, tokenisation, sustainability","Carbon credit markets are at the heart of global greenhouse gas (GHG) mitigation in that they provide the economy with a financial incentive to reduce the amount of emissions through a project. Nevertheless, these markets are still vulnerable to fraud in their structure such as false reforestation torts, dubious credit registration, and fraudulent abuse of such certificates issued by governments. Traditional verification techniques relying on traditional audits and centralised registry approvals are expensive, slow and prone to manipulations. The article discusses a carbon credit trading system with end-to-end, fraud-resistance, and based on blockchain technology, artificial intelligence (AI) and remote sensing in space. The platform applies Know Your Customer (KYC) authentication for project sellers, authenticate land-use and renewable energy projects with the trained machine learning models based on the use of vegetation indices including the Normalised Difference Vegetation Index (NDVI) based on Sentinel-2 images, and tokenizes verified credits as tamper-proof blockchain assets governed by smart contracts. An initial implementation on a local Ethereum test-net tested on a simulated dataset of 50 labelled afforestation and renewable energy projects with generated cases of fraud found a 94% accuracy in fraud detection and decreased verification time, previously taken by manual verification, to about 4.2 minutes. There was an integrity of 99.8% transactions in 1,000 simulated trades. These findings prove the feasibility of a multi-layers technical response to the establishment of transparent, efficient and trustworthy carbon markets.",Ethereum,Conference Paper,ERC-20,Ethereum ERC-20 carbon credit tokens with smart-contract trading and retirement mechanisms.,IEEE
Flexibility and Demand Response,Blockchain solution for buildings’ multi-energy flexibility trading using multi-token standards,"Oana Marin,Tudor Cioara and Ionut Anghel",2023,"buildings, multi-energy tokens, heat trading, electricity trading, blockchain, ERC-1155, peer to peer energy markets, integrated energy system","Buildings can become a significant contributor to an energy system’s resilience if they are operated in a coordinated manner to exploit their flexibility in multi-carrier energy networks. However, research and innovation activities are focused on single-carrier optimization (i.e., electricity), aiming to achieve Zero Energy Buildings, and miss the significant flexibility that buildings may offer through multi-energy coupling. In this paper, we propose to use blockchain technology and ERC-1155 tokens to digitize the heat and electrical energy flexibility of buildings, transforming them into active flexibility assets within integrated multi-energy grids, allowing them to trade both heat and electricity within community-level marketplaces. The solution increases the level of interoperability and integration of the buildings with community multi-energy grids and brings advantages from a transactive perspective. It permits digitizing multi-carrier energy using the same token and a single transaction to transfer both types of energy, processing transaction batches between the sender and receiver addresses, and holding both fungible and non-fungible tokens in smart contracts to support energy markets’ financial payments and energy transactions’ settlement. The results show the potential of our solution to support buildings in trading heat and electricity flexibility in the same market session, increasing their interoperability with energy markets while decreasing the transactional overhead and gas consumption.",Ethereum,Journal,ERC-1155,"We propose the use of blockchain, smart contracts, and multi-token standards to allow buildings to digitize their flexibility from electricity and heat energy carriers and to trade it in multi-energy markets.",MDPI
Flexibility and Demand Response,Blockchain based decentralized local energy flexibility market,"Claudia Antal (Pop) a, Tudor Cioara a, Marcel Antal, et. al",2021,"Local flexibility market, Peer-to-peer flexibility trading, Blockchain, Bids and offers matching, Oracles","Large-scale deployment of renewable energy sources brings new challenges for smart grid management requiring the development of decentralized solutions and active participation of prosumer and nongrid- owned assets. Local energy flexibility markets can help in monitoring energy flows, motivate changes in prosumers’ energy supply and demand, achieving local energy balance, and optimization of electricity flows. In this paper, we propose a blockchain-based decentralized energy flexibility market enabling small-scale prosumers to trade in a peer-to-peer fashion their flexibility in terms of load modulation concerning the baseline energy profiles. We have defined an energy flexibility token for digitizing the flexibility of prosumers allowing to be traded on the market as an asset and self-enforcing smart contracts for decentralized market operation including functions such as the placement of flexibility bids/offers, trading session management, or energy and financial settlement of energy flexibility transactions. For matching the flexibility bids and offers, a solution based on a greedy heuristic and a bipartite graph is proposed for minimizing the number of flexibility transactions and reducing the blockchain-associated costs, while Oracles are used to assure its secure integration with the blockchain. The blockchain-based flexibility market was validated with the help of the Terni city Distribution System Operator, showing promising results in enabling the self-consumption of renewable energy generated in a small scale urban micro-grid considering live energy monitoring data, and in assuring the local balancing of the demand side in a simulated environment considering many market participants and historical energy data.",Ethereum,Journal,ERC-721,"This paper has a definition of an energy flexibility token for digitizing the flexibility of various prosumers allowing to be traded on the
market as an asset. In the ERC721 metadata we have changed the original mapping of the _tokenURIs with the _tokenDetails mapping  which has instead of a metadata Uniform Resource Identifier
(URI), a data structure FlexibilityMetadata:
struct FlexibilityMetadata{enum FlexibilityType
type; uint startDTime;
uint endDTime; uint timestep; string measureUnit;
address prosumer}",ScienceDirect
Flexibility and Demand Response,P2P energy trading: Blockchain-enabled P2P energy society with multi-scale flexibility services,"Ying Wu, Yanpeng Wu, Halil Cimen, JuanC.Vasquez, Josep M.Guerrero",2022,"P2P energy trading, Blockchain, IoT, Flexibility services, P2P energy society, Inter-operative market places","A deeper decarbonization perspective is undergoing with the increasing engagement of new distributed players and the deployment of innovative behind-the-meter flexibility services. Peer-to-Peer (P2P) trading has emerged as an innovative mechanism to foster the direct energy sharing among multi-level market players with pre-determined responsibility and privacy. However, compared with other P2P assets trading, P2P energy trading is facing huge challenges in achieving a large-scale commercialization due to the cooperation obstacles between non-professional distributed players and regulated players as Distributed System Operator (DSO), Transmission System Operator (TSO) and utilities. It is related to not only business and marketing, but also energy system operation to keep secure and reliable with injection of new roles, new utilization patterns, and new markets. This paper investigates the socio-technical interaction and mechanism for the sustainable P2P energy trading from the social dimension on the cooperation of multi-level market players, the technical dimension on the cutting-edge exchange of flexibility, and the economical dimension on the inter-operative decentralized/regulated marketplaces. Three questions are targeted on: (1) How Information and Communication Technology (ICT) enables co-creation of decentralized heterogeneous user-centered digital frameworks for the large-scale P2P trading interaction, (2) What specific energy services drive the cross-border interactions for exchange of multi-scale P2P flexibility, (3) How operational framework in P2P energy trading achieves the inter-operative marketplaces with the formation of trusted P2P energy society and the injection of multi-scale flexibility services. Finally, regulation challenges on P2P energy trading implementation are discussed for the guide of future work.",Ethereum,Journal,ERC-721,Focus on architecture design without smart contract or Dapps implemented.,ScienceDirect
Flexibility and Demand Response,A Flexibility Market Platform for Electricity System Operators Using Blockchain Technology,"Valeri Mladenov, Vesselin Chobanov, et. al",2022,"TSO, DSO, prosumers, flexibility market, blockchain","The paper’s main objective is to demonstrate the trading and flexibility of services amongst TSOs, DSOs, and Prosumers in a transparent, secure, and cost-effective manner using Blockchain-based TSO-DSO flexibility marketplace (EFLEX). The aim is to look for ways to help DSOs/TSOs be more flexible and more directly engaged in managing energy flows on the network. EFLEX will streamline the needs of both TSO and DSO on the same platform. Based on the paper’s proposed services, the pilot service demonstration will be carried out in Bulgaria and Romania, and the main focus will be on congestion management, TSO-DSO Coordination, and Marketplace. The proposed objective is achieved by using Blockchain-based smart contracts and distributed ledger technology.",Ethereum,Journal,NA,An EFLEX platform prototype is implemented and deployed for demonstration. No detailed tokenization is discussed.,MDPI
Flexibility and Demand Response,Jointly Trading Energy and Flexibility Based on FlexOffers and Blockchain,"Laurynas Siksnys, Torben Bach Pedersen",2025,"Energy flexibility, energy trading, peer-to-peer, blockchain","Traditionally, electricity is traded in some markets while flexibility is traded in others (e.g., day-ahead, intra-day, balance vs FCR, mFRR, aFRR markets). This paper describes a solution for joint trading of (electrical) energy and flexibility, based on the so-called FlexOffer concept which models energy needs and their associated flexibilities in one joint data object, explains actors and procedures for trading and market clearing, the IBM HyperLedger Fabric blockchain implementation and project pilot results.",Hyperledger Fabric,Conference Paper,NA,"It focuses on trading logic, without detailed tokenization process.",MDPI
Flexibility and Demand Response,Blockchain Based Transaction System with Fungible and Non-Fungible Tokens for a Community-Based Energy Infrastructure,"Nikita Karandikar, Antorweep Chakravorty and Chunming Rong",2021,"blockchain, prosumer, fungible, NFT, peak shaving, smart grids, trading, demand response","Renewable energy microgeneration is rising leading to creation of prosumer communities making it possible to extract value from surplus energy and usage flexibility. Such a peer-to-peer energy trading community requires a decentralized, immutable and access-controlled transaction system for tokenized energy assets. In this study we present a unified blockchain-based system for energy asset transactions among prosumers, electric vehicles, power companies and storage providers. Two versions of the system were implemented on Hyperledger Fabric. Assets encapsulating an identifier or unique information along with value are modelled as non-fungible tokens (NFT), while those representing value only are modelled as fungible tokens (FT). We developed the associated algorithms for token lifecycle management, analyzed their complexities and encoded them in smart contracts for performance testing. The results show that performance of both implementations are comparable for most major operations. Further, we presented a detailed comparison of FT and NFT implementations based on use-case, design, performance, advantages and disadvantages. Our implementation achieved a throughput of 448.3 transactions per second for the slowest operation (transfer) with a reasonably low infrastructure.",Hyperledger Fabric,Journal,NFT and FT,It contains detailed token design and implementations of tokenization for demand response.,ACM Digital Library
Flexibility and Demand Response,Blockchain-based Decentralized Low-carbon Electric Vehicle Charging System,"Rong Zhao, Jiaxiang Sun, Haoran Yin, Lu Lin, Hong Kang, Wenli Cai",2026,"Decentralized energy system, low-carbon energy tokens, electric vehicles, blockchain technology, double auction","The quest for carbon neutrality in the 21st century has led to the rise of decentralized low-carbon energy systems as a promising solution. Blockchain technology has played a pivotal role in catalyzing this transition, with various Web3 projects exploring decentralized operational models and carbon credit markets. However, there is a notable gap in harnessing blockchain’s potential to integrate electric vehicles (EVs) into low-carbon energy systems effectively. This article addresses this gap by proposing a decentralized low-carbon EV charging system that enables transactions between individual low-carbon energy producers and EV owners. Leveraging blockchain and smart contracts, the proposed system issues low-carbon tokens to certify and incentivize environmentally conscious charging behaviors, while enabling token circulation to further promote low-carbon participation. A blockchain-based double auction mechanism is designed to ensure fair and efficient energy allocation, achieving individual rationality, incentive compatibility, and social welfare maximization. By incentivizing user engagement and ensuring fair transactions, this model paves the way for sustainable EV integration within low-carbon energy systems.",Ethereum,Journal,ERC-20,Proposes a consortium Ethereum platform using smart contracts to execute low-carbon charging matching and dynamic incentive allocation.,ACM Digital Library
Flexibility and Demand Response,Retrospective Simulation of LLM-Guided Smart Contract Policies Using Real IoT Energy Data,"Azmat Ullah, Antonio Pierro",2026,"Internet of Things (IoT), Large Language Models, Blockchain, Simulated Policy Enforcement, Sustainable Energy Management","The increasing deployment of Internet of Things (IoT) devices in the energy sector provides high-resolution data on household electricity consumption and renewable generation. This paper presents a simulation-based framework that combines Large Language Models (LLMs), real smart meter data, and blockchain-based smart contracts to support automated energy policy generation and evaluation. The proposed approach leverages retrieval-augmented generation to integrate IoT time-series data with scientific literature and policy documents, producing structured policy recommendations encoded in machine-readable formats suitable for direct smart contract execution. Policy effectiveness is assessed through a what-if analysis under ideal compliance assumptions, applying both static rule-based and LLM-guided policies ex-post to real IoT datasets. Results indicate that, under idealised conditions, LLM-guided policies achieve a simulated upper bound of 12–18\% higher alignment with renewable generation periods and approximately 17\% higher token rewards compared to static baselines. These findings demonstrate the technical feasibility and potential advantages of using LLMs as policy synthesis components within IoT–blockchain energy systems, while highlighting the need for future work on behavioural modelling and real-world validation.",Ethereum,Conference Paper,ERC-20,Translates household consumption data via LLMs into smart contract policies that trigger dynamic tokenized rewards (ERC-20) for load shifting.,ACM Digital Library
P2P Energy Trading,Efficient Off-chain Micro-payment Systems for Blockchain-based P2P Energy Trading,"Jia-Cheng Wu, Chen-Xi Liu, Y. Zhang",2023,"Blockchain for Energy Systems, Energy Credit Tokens, Off-chain Payment Channel Network","P2P energy trading often utilizes a permissionless blockchain platform for energy credit tokenization and trading. However, permissionless blockchain suffers from slow transaction confirmation time, poor scalability, high transaction fees for micro-payment, and the need for persistent online connections. Therefore, we develop a cost-effective off-chain micro-payment solution to support offline transactions of energy credit tokens without persistent connections to blockchain, in a similar vein as off-chain payment channels for cryptocurrencies (e.g., Lightning Network). But unlike cryptocurrencies, off-chain trading of energy credit tokens faces a new challenge. Since energy credit tokens are usually generated ex-post from delayed smart meter reporting, real-time P2P energy applications would need to cope with yet-to-be-realized energy credit tokens at the moment of trading, which significantly increases the counterparty risks among untrusted users. Therefore, we propose a secure off-chain payment channel protocol to effectively mitigate the counterparty risks in P2P energy applications.",Ethereum,Conference Paper,NA,Designs a scalable payment channel protocol managed by Ethereum smart contracts to eliminate high gas fees in P2P energy trades.,ACM Digital Library
Flexibility and Demand Response,Autonomous Blockchain-Powered Smart Contracts for Trust Management in Decentralized Energy Grids,"S. K. Gupta, V. Sharma, M. Patel",2024,"Autonomous Systems, Blockchain Integration, Blockchain Technology, Decentralized Energy Trust Management, Distributed Ledger Technology (DLT), Energy Security, Energy Trading, Grid Operators, Smart Contracts","Blockchain technologies incorporated with decentralized energy grids can offer new paradigms in energy management, distribution, and consumption. Trust building among participants in decentralized energy systems is a critical challenge in the absence of a central authority. Foremost, the self-executing, fully autonomous blockchain-based smart contracts and the decentralized automated systems enable real-time, secure, and transparent business transactions. This paper examines the domain of smart blockchain contracts in decentralized energy grids. Smart contracts facilitate self-enforcement, aiding trust-building. Invoice blockchain contracts enable automated energy exchange, thereby facilitating contract execution without third-party involvement. Trust-building, system decentralization, energy producers and consumers bypassing operators, and operational cost reduction for self-sustainability provide system autonomy. The paper also discusses self-governing blockchain contract systems engineering. In smart energy contracts, the paper outlines system challenges, which include load, interoperable infrastructure, and energy consumption. Empirical and case study research, which are the primary focus of the paper, present blockchain contracts for decentralized energy systems as a trust-management and transaction-integration technology.",Ethereum,Conference Paper,NA,Implements automated trust evaluation smart contracts on Ethereum to manage decentralized energy grid participants and dynamic load balancing.,ACM Digital Library
P2P Energy Trading,Privacy-Preserving Energy Trading: A TEE-Based Blockchain Solution Using Secret Network,"David Kim, Lukas Meyer, Sarah Jenkins",2023,"peer-to-peer energy trading, blockchain, privacy, trusted execution environment (TEE), Intel SGX, secret network, smart contracts","Peer-to-peer (P2P) energy trading in the smart grid, powered by blockchain networks, enables secure and transparent transactions between prosumers and consumers. However, it also introduces privacy challenges, as sensitive transaction data—such as energy usage, pricing, and trading activities—is publicly recorded on the blockchain, increasing the risk of unauthorized access and potential privacy breaches. To solve this, we propose a Trusted Execution Environment (TEE)-enabled P2P energy marketplace on the Secret Network to conceal trader identities and energy consumption metrics, ensuring privacy while preventing unauthorized access to sensitive transaction data. Our solution utilizes Intel SGX enclaves at validator nodes to execute smart contracts on encrypted data, ensuring privacy and preventing unauthorized access. The core components include a Scheduler contract that batches and shuffles orders with dummy transactions to obscure actual order details and an Orderbook contract that securely matches trades within TEEs. Additionally, a lightweight off-chain Dispatcher triggers periodic order releases, while a matching bot facilitates on-chain trade execution, enabling atomic token swaps between a private stablecoin (sUSDT) and energy tokens (sET). We implement and evaluate our solution on the Secret Network testnet. Results demonstrate that our privacy enhancements introduce minimal overhead; for example, each complete order placement costs as little as $0.00083, and batched execution scales efficiently—the cost per trade decreases by up to 34\% when batching 36 orders.",Secret Network,Conference Paper,SNIP-20,Tokenizes tradeable energy units into privacy-preserving secret tokens (SNIP-20) while executing confidential P2P bidding.,ACM Digital Library
P2P Energy Trading,Online Learning in Blockchain-based Energy Trading Systems,"X. Chen, Y. Tang, Z. Dong",2023,"blockchain-based energy trading, mechanism design, game theory","In this paper, we consider a blockchain-based energy trading (BBET) system with the proof-of-stake (PoS) protocol. The system designer aims to minimize system cost by considering the prosumers' strategic token allocation between blockchain staking and energy purchase for their applications. This is challenging as the system designer does not know prosumers' private information of impatience levels towards different applications. To this end, we propose an online learning mechanism (OLM), which includes incentive mechanisms to guide both prosumers' private information reporting and staking decisions in two phases. In the exploration phase, we design a randomized staking reward to encourage prosumers' truthful reporting of their private information for the learning of impatience level distributions. Based on the threshold structure of the prosumers' equilibrium staking strategies, in the exploitation phase, we propose a learning-error-based reward to minimize the system cost considering the finite-sample bias. By characterizing the optimal exploration duration, we prove that OLM achieves an asymptotic zero-regret against the complete information benchmark, with the regret bounded by [EQUATION] when operating for T time slots. We implement the corresponding smart contract in Ethereum to demonstrate the feasibility of our approach. Experiment results show that our mechanism reduces regret by an average of 74\% compared to the state-of-art mechanism.",Ethereum,Journal,NA,Combines dynamic online reinforcement learning algorithms with Ethereum smart contracts to execute automated pricing and settlement.,ACM Digital Library
Energy Storage and Infrastructure,Decision Study on Blockchain-Based Closed-Loop Supply Chain for New Energy Vehicle Power Batteries,"L. Wang, J. Zhang, H. Sun",2024,"Management Efficiency, New Energy Vehicles, Power Battery Closed-loop Supply Chain, Recycling of Batteries","Abstract: In the closed-loop supply chain management of power batteries for new energy vehicles, there are problems such as insufficient data transparency and traceability, inconsistent data, data tampering or leakage, difficulty in recycling and reusing power batteries, and low efficiency in supply chain management. The purpose of this article is to study how to optimize the management of the closed-loop supply chain of new energy vehicle power batteries based on blockchain technology. The specific goals include improving data transparency and traceability, solving the problem of information silos, enhancing data security, optimizing recycling and reuse mechanisms, and improving management efficiency. It proposed a solution based on blockchain technology, which improved the deficiencies in existing supply chain management through distributed ledgers and smart contracts. After the experiment, it was found that the blockchain-based solution achieved a data consistency of up to 98\%, while the processing time also decreased. The research results indicate that blockchain-based supply chain management solutions significantly improve management efficiency and data security, promoting the efficient, secure, and sustainable development of the supply chain.",Hyperledger Fabric,Journal,NA,Tracks EV power battery recycling lifecycles and second-life energy storage deployment using Hyperledger Fabric chaincode contracts.,ACM Digital Library
P2P Energy Trading,A Power Trading and Scheduling Scheme Based on MA-ABSE,"Y. Zhao, B. Li, W. Wang",2023,"Blockchain, P2P Energy trading, Power scheduling, Searchable encryption","With the development of distributed green energy sources, the energy Internet has become the mainstream trend for future development. Based on the decentralized and transparent advantages of blockchain technology, it has become the solid technical support for the new era of energy networks. However, because data on the blockchain is publicly visible to everyone, the risk of leaking personal privacy data is inevitably increased as individual transaction data can be traced and analyzed through analytical techniques. Additionally, in the energy trading scenario, users who engage in energy trading through fixed accounts over a long period of time may also risk revealing their true personal privacy information through the analysis of on-chain data. In order to protect users’ personal privacy, this paper proposes a power trading framework based on searchable encryption and privacy account allocation. In our scheme, users’ accounts are divided into multiple accounts scattered across the blockchain network based on the number and frequency of transactions, and the on-chain data is hidden using searchable encryption, thereby concealing transaction information from others. Furthermore, power scheduling is achieved through smart contracts to address supply-demand imbalances and provide warnings when necessary. Finally, the feasibility of our scheme is verified through experiments.",Ethereum,Journal,NA,Integrates multi-authority attribute-based encryption with Ethereum smart contracts to securely schedule and clear energy trade bids.,ACM Digital Library
P2P Energy Trading,A Blockchain-based Co-Simulation Platform for Transparent and Fair Energy Trading and Management,"M. Al-Saffar, K. Ahmed, S. Tanaka",2024,"Blockchain, Fair Trading, Packetized Energy, Smart Grid, Transactive Energy, co-simulation","With the rapid adoption of renewable energy and smart meters, more distributed energy consumers are becoming capable of generating energy and participating in energy trading. However, it raises great challenges to establish trust among these distributed energy sources. A more transparent and fair energy trading market is required. With its unique advantages in supporting fair and transparent transactions, blockchain is recognized as an effective solution to facilitate distributed energy transactions. However, existing studies often propose blockchain-based energy trading schemes without considering the management of energy generation, consumption, and transmission. In addition, the sensitive nature of the power grid may make the grid operators hesitate to adopt anyone to directly access the energy trading market. Therefore, in this study, we adopt a permission-based blockchain, Hyper-ledger Fabric, to establish a fair and transparent distributed energy trading market, due to its strong access control and efficient consensus mechanism. Furthermore, the proposed blockchain-based energy trading market is integrated with the Packetized Energy Management and Trading Co-Simulation platform (PEMT-CoSim), developed by our prior work, so that a holistic co-simulation platform is established to facilitate further studies by closely coordinating energy trading and management. The demonstration results based on the proposed blockchain-based co-simulation platform are discussed in detail, which validate the effectiveness of the proposed architecture.",Ethereum,Conference Paper,NA,Develops a co-simulation environment linking grid physics tools with Ethereum smart contracts to execute fair energy market clearing.,ACM Digital Library
RECs and Carbon Tracking,Research on Carbon-Electricity Feature Extraction Technology for Enterprises based on Blockchain and Deep Learning Algorithms,"H. Jiang, F. Wu, C. Peng",2024,"carbon emissions, Carbon-electricity, blockchain, deep learningalgorithms, heterogeneous data features","Accurate collection and data analysis of enterprise carbon emissions are fundamental for precise estimation of carbon emissions. To address the challenges related to the security of collecting diverse types of enterprise carbon emission data and the effectiveness of extracting heterogeneous data features, this paper proposes a method for extracting carbon-electricity feature information for enterprises based on blockchain and deep learning algorithms. Firstly, by leveraging the decentralized, open, autonomous, and tamper-proof properties of blockchain technology, a comprehensive architecture for collecting diverse types of enterprise carbon emission data is constructed. The blockchain network is utilized to establish an information exchange and data storage center for multiple energy sources such as coal, electricity, gas, heat, and oil. Secondly, a multi-modal fusion neural network model is developed to extract the spatiotemporal distribution features of electricity consumption and carbon emissions within the same enterprise. This model is designed to handle heterogeneous data and capture multidimensional characteristics. Finally, simulation analysis demonstrates that blockchain technology facilitates the exchange of enterprise energy information and enables the extraction of numerical features, categorical features, temporal features, and spatial features related to carbon-electricity. This validation confirms the universality of the proposed model.",Hyperledger Fabric,Journal,NA,Extracts operational enterprise carbon-electricity relationships using deep learning and records carbon accounting data onto Hyperledger Fabric.,ACM Digital Library
RECs and Carbon Tracking,"A Platform for the Aggregation of Blockchain-based Services for Municipalities and Smart-cities, Enabling Automatic Conversion based on Saved CO2 Units","G. Rossi, E. Conti, M. Bianchi",2023,"blockchain, collaborative behavior, common good, smart contracts, social reputation","In a world where sustainable and collaborative behavior is increasingly important due to climate change, environmental concerns, and social engagement, individual willpower may not be enough to sustain positive behavior for long-term sustainability. To encourage collaborative behavior, many blockchain-based applications are emerging that provide an incentive in the form of fungible tokens, non-fungible tokens (NFTs), or reputation points. Existing services address specific solutions such as waste disposal, peer-to-peer energy management, and sustainable mobility. However, the tokens issued by these services generally can be used only by the services themselves and are not interchangeable with other tokens. This paper proposes a platform that aggregates different blockchain-based services, and that exploits a conversion mechanism enabling the user to convert a given service token with other service tokens. The conversion is not based on a monetary value, rather, it relies on the amount of saved CO2 a service token represents. The platform provides a token (the “sCO2” token) anchored to a fixed amount of saved CO2, that may be converted for token of other services or used to get a discount on various municipal services such as waste tax, parking, public transport, etc. The proposed system aims to increase the engagement and awareness among citizens and end-users, provide an accountable and transparent way to track people’s sustainable behavior, and issue certificates to organizations based on how much CO2 their services have helped save.",Ethereum,Conference Paper,ERC-20,Tokenizes verified municipal CO2 savings into ERC-20 utility tokens via Ethereum smart contracts to enable automatic reward conversions.,ACM Digital Library
Flexibility and Demand Response,Enabling Short-Term Energy Flexibility Markets Through Blockchain,"T. Schmidt, M. Weber, C. Becker",2022,"Blockchain, distributed ledger, energy market, operating reserve, smart contracts","Climate change has put significant pressure on energy markets. Political decisions such as the plan of the German government to shut down coal power plants by 2038 are shifting electricity production towards renewable and distributed energy resources. The share of these resources will continue to grow significantly in the coming years. This trend changes the ways how energy markets work which mandates fundamental changes in the underlying IT infrastructure. In this paper, we propose a blockchain-based solution which enables an economically viable and grid-serving integration of distributed energy resources into the existing energy system. Our blockchain-based approach targets intraday and day-ahead operating reserve markets, on which energy grid operators and operators of distributed energy resources can trade flexibilities within the schedulable energy production and consumption of their resources. By utilizing these flexibilities as an operating reserve, renewable and climate-friendly technologies can contribute to maintaining the grid stability and security of supply while simultaneously creating economically interesting business models for their operators. We propose to define blockchain-based short-term energy markets by utilizing the concept of general-purpose smart contracts and cryptocurrencies. This enables direct and decentralized trading of energy flexibilities without any intermediary or central instance. We demonstrate the feasibility of our approach through an implementation of a prototype of the proposed markets based on the Ethereum blockchain and provide a detailed evaluation of its efficiency and scalability.",Ethereum,Journal,NA,Implements Ethereum smart contracts to match short-term flexibility offers from distributed energy resources with real-time grid balancing.,ACM Digital Library
Energy Storage and Infrastructure,Electric Vehicle as a Virtual Mobile Power Plant for Smart Grid: A Blockchain and Cryptocurrency-Based Proof of Concept System,"K. Sharma, R. Patel, A. Verma",2023,"EV, blockchain, charging station, energy sharing, energy trading","Blockchain is the underlying technology for cryptocurrencies. Reliable machine-to-machine automatic transactions, such as auctions, bidding, and payments, utilise the immense potential of blockchain technology. Researchers are exploring blockchain-based applications for automobiles and transportation, such as electric vehicle (EV) charging and highway user fee payment. The use of blockchain eliminates the need for third parties in transactions. This paper presents a proof of concept for using EVs as energy storage in a smart grid system. Generators, consumers, and distributed energy resources (DER), such as solar and wind, make up the elements of a smart grid. We propose storing the surplus power generated by DER in the electric vehicle's battery. When the generation is less, or there is high demand, these EVs can supply the stored energy back to the grid. We use blockchain smart contracts and Ethereum cryptocurrency to monitor and monetise the process. We also make a cost comparison of conventional internal combustion engine (ICE) vehicles and EVs, analysing the financial benefits of employing the suggested method in EV charging instead of more conventional charging methods.",Ethereum,Conference Paper,ERC-20,Treats EV battery packs as mobile storage units (V2G) and uses ERC-20 smart contracts to tokenize and settle discharged storage energy.,ACM Digital Library
P2P Energy Trading,Operation mechanism and scheduling optimization of micro-grid power market based on block chain,"Y. Song, X. Li, G. Zhou",2022,"Block chain, MPC, Micro-grid, Scheduling optimization, electricity transaction, smart contract","In order to realize optimal allocation of clean energy, scheduling optimization of blockchain-supported micro-grid power market is studied. Based on the similar network topology of micro-grid market and blockchain, the overall framework of micro-grid market based on blockchain is constructed. The block chain management platform is used to obtain data information, and the model Predictive control (MPC) method is used to optimize the scheduling operation of the micro-grid market. Taking IEEE33 node system as an example, the analysis results verify the effectiveness of the micro-grid transaction model supported by block chain, indicating that the block chain management platform combined with model predictive control optimization scheduling, enhances the robustness of the micro-grid market, improves the accuracy of load power prediction and energy utilization in the process of power transaction.",Ethereum,Journal,NA,Designs a micro-grid scheduling optimization framework executing automated market clearing via Ethereum smart contracts.,ACM Digital Library
Energy Storage and Infrastructure,Privacy-preserving energy storage sharing with blockchain and secure multi-party computation,"Z. Guan, L. Wu, N. Zhang, X. Lu, X. Du",2023,"blockchain, energy storage sharing, privacy-preserving, secure multi-party computation","Energy storage provides an effective way of shifting temporal energy demands and supplies, which enables significant cost reduction under time-of-use energy pricing plans. Despite its promising benefits, the cost of present energy storage remains expensive, presenting a major obstacle to practical deployment. A more viable solution to improve the cost-effectiveness is by sharing energy storage, such as community sharing, cloud energy storage and peer-to-peer sharing. However, revealing private energy demand data to an external energy storage operator may compromise user privacy, and is susceptible to data misuses and breaches. In this paper, we explore a novel approach to support energy storage sharing with privacy protection, based on privacy-preserving blockchain and secure multi-party computation. We present an integrated solution to enable privacy-preserving energy storage sharing, such that energy storage service scheduling and cost-sharing can be attained without the knowledge of individual users' demands. It also supports auditing and verification by the grid operator via blockchain. Furthermore, our privacy-preserving solution can safeguard against a majority of dishonest users, who may collude in cheating, without requiring a trusted third-party. We implemented our solution as a smart contract on real-world Ethereum blockchain platform, and provided empirical evaluation in this paper1.",Ethereum,Journal,NA,Combines secure multi-party computation with Ethereum smart contracts to enable joint energy storage capacity sharing without exposing usage.,ACM Digital Library
P2P Energy Trading,Blockchain-enabled decentralized privacy-preserving group purchasing for retail energy plans,"S. Maharjan, B. Park, H. Kim",2023,"competitive online algorithm, energy plans, group purchasing, privacy-preserving blockchain, secure multi-party computation","Retail energy markets are increasingly consumer-oriented, thanks to a growing number of energy plans offered by a plethora of energy suppliers, retailers and intermediaries. To maximize the benefits of competitive retail energy markets, group purchasing is an emerging paradigm that aggregates consumers' purchasing power by coordinating switch decisions to specific energy providers for discounted energy plans. Traditionally, group purchasing is mediated by a trusted third-party, which suffers from the lack of privacy and transparency. In this paper, we introduce a novel paradigm of decentralized privacy-preserving group purchasing, empowered by privacy-preserving blockchain and secure multi-party computation, to enable users to form a coalition for coordinated switch decisions in a decentralized manner, without a trusted third-party. The coordinated switch decisions are determined by a competitive online algorithm, based on users' private consumption data and current energy plan tariffs. Remarkably, no private user consumption data will be revealed to others in the online decision-making process, which is carried out in a transparently verifiable manner to eliminate frauds from dishonest users and supports fair mutual compensations by sharing the switching costs to incentivize group purchasing. We implemented our decentralized group purchasing solution as a smart contract on Solidity-supported blockchain platform (e.g., Ethereum), and provide extensive empirical evaluation.",Ethereum,Journal,NA,Employs Ethereum smart contracts and cryptographic proofs to aggregate consumer retail energy demand into discounted group plans autonomously.,ACM Digital Library
P2P Energy Trading,Blockchain Based Energy Trade,"A. Gupta, R. Kumar, S. Sen",2022,"Blockchain, Consensus Protocol, De-centralization, Renewable Energy, Sustainability, Transaction","In today’s world, there is a growing demand for intelligent applications to make city life an interesting experience and sustainable. This paper introduces a Blockchain based peer-to-peer transaction framework applicable for the distributed clean energy trade. The energy-trading model is designed to initiate transactions autonomously based on the data received from the energy management unit. The application works autonomously to manage the generation, consumption and distribution of clean energy using distributed renewable energy sources. The proposed Decentralized Autonomous transaction platform is an autonomous Blockchain-based peer-to-peer transaction framework that aims to increase clean energy production, consumption and optimization, which indeed will reduce greenhouse gas emissions in metro-cities where the excessive clean energy from the distributed energy sources, including homes, office buildings and factories are autonomously traded among the population inside the city.",Ethereum,Conference Paper,NA,Presents a peer-to-peer energy trading platform utilizing Ethereum smart contracts for dynamic bid matching and direct payment settlements.,ACM Digital Library
Energy Storage and Infrastructure,Privacy-Preserving Energy Storage Sharing with Blockchain,"L. Wu, Z. Guan, X. Du",2022,"Blockchain, Energy Storage Sharing, Privacy-preserving","Energy storage provides an effective way of shifting temporal energy demands and supplies, enabling significant cost reduction under dynamic energy pricing. Despite its promising benefits, the cost of present energy storage remains expensive, presenting a major obstacle to practical deployment. A more viable solution to improve cost-effectiveness is by sharing energy storage, such as community sharing, cloud energy storage and peer-to-peer sharing. However, revealing private energy demand data in energy storage sharing may compromise user privacy, susceptible to data misuses and breaches. In this paper, we explore a novel approach to support energy storage sharing with privacy protection, based on privacy-preserving blockchain and secure multi-party computation. We present an integrated solution to enable privacy-preserving energy storage sharing, such that energy storage service scheduling and cost-sharing can be attained without the knowledge of individual users' demands. It also supports auditing and verification by the grid operator via blockchain. Furthermore, our privacy-preserving solution can safeguard against a dishonest majority of users, who may collude in cheating, without requiring trusted third-parties. We implemented our solution as a smart contract on real-world Ethereum blockchain platform, with empirical evaluation.",Ethereum,Conference Paper,NA,Constructs a smart contract-driven shared battery storage management system on Ethereum ensuring transactional anonymity for users.,ACM Digital Library
RECs and Carbon Tracking,The next stage of green electricity labeling: using zero-knowledge proofs for blockchain-based certificates of origin and use,"F. Baader, G. Tsatsaronis, M. Kerschbaum",2024,"climate change, distributed ledger, green energy, guarantee of origin, renewable energy, sustainability","The labeling of electricity is considered an important mechanism to differentiate renewable power generation and, thus, to incentivize the expansion of green energy. However, today's systems for documenting and trading green energy certificates suffer from multiple challenges. These could be addressed by a digital solution that holistically collects and processes production and consumption data. Blockchain-based architectures have repeatedly been suggested for this purpose since they can provide transparency and can likely be accepted by a broad group of stakeholders. Yet, there are significant scalability and privacy issues of a blockchain-based approach for storing and processing fine-grained production and consumption data. In this paper, we propose and discuss a potential solution that levers succinct cryptographic zero-knowledge proofs to balance the required level of transparency and privacy while at the same time providing a high degree of scalability.",Ethereum,Conference Paper,ERC-1155,Tokenizes renewable energy guarantees of origin into ERC-1155 semi-fungible tokens combined with zero-knowledge proofs for green labeling.,ACM Digital Library
RECs and Carbon Tracking,Application Prospect of Blockchain in Renewable Energy Certificates,"J. Zhang, Y. Wang, H. Chen",2022,"Blockchain, Renewable Energy Certificates, Renewable Energy Certificates trading, Smart contract","Disadvantages like cumbersome verification and data centralization are involved in the application and transaction process of Renewable Energy Certificates in China. We realize that blockchain technology has been successfully applied in many fields with its features of decentralization, immutability, and traceability. As a result, we in this article aim to introduce blockchain into the current Renewable Energy Certificates trading system to solve the above problems. Firstly, this article gives an overview of blockchain technology, including its architecture and technical advantages. Secondly, it describes China's Renewable Energy Certificates transaction process and analyzes the potential challenges faced by it. Finally, it proposes a Renewable Energy Certificates trading system based on blockchain technology and analyzes its operation mode, advantages, and potential problems.",Ethereum,Conference Paper,ERC-721,Reviews and proposes an ERC-721 NFT tokenization structure on Ethereum smart contracts to ensure unique REC issuance and prevent double counting.,ACM Digital Library
P2P Energy Trading,Blockchain-based renewable energy trading system with smart contract in a small local community,"T. N. Pham, C. Van Nguyen, M. T. Tran",2023,"Blockchain, Microgrid, Peer to peer energy trading, Renewable energy trading system","With the high interest in the peer to peer (P2P) energy trading system, blockchain technology has increased attention as a solution to alleviate the current challenges in the centralised energy system. The study set out to discover how blockchain could be used for microgrid while controlling the scalability to encourage peer-to-peer energy trading with the assumption of the average dwelling density at around 20-30 households. The results showed that there is a scalability challenge in the blockchain as the network grows; however, the blockchain technology can be applied in the community which has a similar size with Hobart as there is no significant difference in the execution time up to 100 nodes while accumulating the transactions. Additionally, the study also found mining time, transaction fee and transactions number in the block are also related to the execution time. Therefore, these parameters should be considered to build a scalable blockchain for a microgrid.",Ethereum,Journal,NA,Deploys local community solar trading smart contracts on a private Ethereum testnet for micro-payment execution and prosumer billing.,ACM Digital Library
P2P Energy Trading,Decentralized Energy Exchange and Congestion Resolution with Blockchain,"Iñaki Seco-Aguirre, Ander Zubiria, David González-Sánchez, Minerva Martínez-Picazo, Cristina Regueiro, María Mateo-Motos, Marina Muñoz-Solano & Fernando Jesús Sánchez-Herrera",2026,"Blockchain, Energy communities, Distributed Energy Resources, Demand Response, Congestion Management, Sustainability","Today’s growing energy demand requires solutions to optimize the use of available resources. Energy communities can contribute to a sustainable future by reusing excess energy, but their expansion is limited by a lack of confidence in current systems. This paper presents an infrastructure that allows for efficient and secure integration of energy communities into the power system. The developed infrastructure enables both energy exchange between communities and the provision of flexibility services to grid operators, contributing to a more efficient and dynamic system management. Blockchain technology is used to create a transparent, immutable, and decentralized system, improving the traceability and control of energy transactions while reducing costs. This allows energy communities to actively participate in g rid optimization, providing agile mechanisms for congestion management and demand response. The paper introduces an innovative approach that enhances power system efficiency, promoting greater sustainability and resilience. It also includes an analysis of the state of the art in blockchain technology and its application in the energy sector, highlighting the advantages and challenges of its implementation.",Hyperledger Fabric,Conference Paper,NA,This paper proposes a blockchian solution for providing agile mechanisms for congestion management and demand response. No tokenization technical details are described.,Springer
P2P Energy Trading,Decentralizing Energy Trading for Electric Vehicles Using Blockchain Technology,Phat T. Tran-TruongP. H. T. TrungL. K. Bang,2025,"Energy Trading,  Blockchain, Smart Contracts, Decentralized Applications, Electric Vehicles ","The increasing adoption of electric vehicles (EVs) and integration of renewable energy sources present challenges in energy management and trading that require innovative approaches beyond traditional centralized models. This paper examines the efficacy of employing blockchain technology, the InterPlanetary File System (IPFS), and RSA-encrypted Non-Fungible Tokens (NFTs) to create a decentralized energy trading management system for EVs. By leveraging these technologies, the proposed system addresses the lack of transparency and inefficiencies in traditional models by ensuring secure, transparent, and efficient interactions among energy producers, consumers, and grid operators. The financial viability of implementing this system is evaluated by analyzing transaction fees across various Ethereum Virtual Machine (EVM)-compatible platforms including BNB chain, Fantom, Polygon and Celo for stimulating and identifying cost-effective solutions for the integration of these advanced technologies.
",EVM-Compatable,Conference Paper,NFT,"Energy consumers, charging stations, and the power market regulator each create smart contracts that record the details of energy transactions. These contracts are then used to generate NFTs, which are encrypted using RSA encryption. The NFTs store detailed information about the energy transactions, such as the amount of energy, its source, precise timestamps, pricing details, and the terms of energy delivery. This process ensures that the transaction data is securely recorded and uniquely represented in the NFTs.",Springer
RECs and Carbon Tracking,Blockchain-Enhanced Energy Trading in Smart Cities and Grids: Advancements in Market Systems and Business Models,N. M. TrietT. D. KhoaH. N. KhaQ. T. BaoN. D. P. TrongV. C. P. LocD. M. HieuV. H. Khanh,2023,"Blockchain Technology,  Renewable Energy Trading , Smart Grids, Smart Cities, Energy Markets, EVM-Compatible Platforms","This study introduces a cutting-edge framework for renewable energy trading, optimized for smart grids and smart cities, and focused on enhancing the functionality and efficiency of energy markets. By leveraging blockchain technology and non-fungible tokens (NFTs), the framework ensures secure and transparent transactions within distributed energy networks. The deployment across multiple Ethereum Virtual Machine (EVM)-compatible platforms, such as Fantom, Polygon, and Celo, exploits their cost-effectiveness and supports broad adoption. The integration of blockchain into the energy sector, particularly within smart grids and urban energy systems, offers significant improvements in managing energy flow and consumer engagement. This research evaluates the economic impacts and business models facilitated by blockchain in the energy sector, highlighting the potential for scalable and sustainable energy solutions in smart cities. This paper is the first step to aiming for blockchain-based renewable energy trading based on detecting the most suitable platform via several analyses to prove its effectiveness.
",EVM-Compatable,Conference Paper,NFT,"The structure of the NFT representing an REC is designed to encapsulate all relevant information about the energy produced, ensuring that each unit of energy can be uniquely accounted for and traded. A detailed explanation of the REC NFT object is described.",Springer
P2P Energy Trading,Energy Trading Between Prosumers Based on Blockchain Technology,"Susana M. Gutiérrez, José L. Hernández, Alberto Navarro & Rocío Viruega ",2021,"Blockchain,  P2P,  Smart contract,  Energy trading,  Microgrid,  Energy transition","Electrification of the energy systems and the current policies for sustainable development are increasing the potential for distributed energy resources (DERs). Within this trend, electricity grid generation and intermediary elements (e.g. batteries) are distributed, promoting a new business model where the consumers have become prosumers. That is to say, they can both generate and consume energy. The distributed energy generation is based on renewable (mainly, photovoltaics) and storage (i.e. batteries). However, the produced energy is unpredictable without forecasting tools and intermittent (i.e. dependent on the solar resources). Additionally, although the priority is the usage of this energy for self-consumption, the surplus of energy is usually sold to the DSO (Distribution System Operator). Then, the usage of Peer-to-Peer (P2P) energy trading fosters new business models and novel paradigms of energy system generation where people can generate their own energy and share it locally with each other. The aforementioned factors have encouraged a wider adoption of microgrids powered by renewable distributed energy sources and they provide a lot of economic and environmental benefits. For that end, this paper presents a P2P approach, combined with demand and production forecasting, to enable novel prosumers’ business models and promoting renewable energy communities for energy transition.
",Hyperledger Besu,Conference Paper,NA,"Ttwo versions of the smart contract have been developed. In one of them, the user is in charge of generate the transactions. The other version of the smart contract uses an automatic auction algorithm that makes it possible to automatically generate transactions between prosumers. But, no tokenization technical details are described.",Springer
P2P Energy Trading,Blockchain-technology in the energy industry: blockchain as a driver of the energy revolution? With focus on the situation in Germany,Bartek MikaAlexander Goudz,2020,"Energy revolution, Decentralization,  Prosumer, Digitalization,  Blockchain-technology, Peer-to-peer","The expansion of renewable energy is rapidly increasing as part of the energy revolution. The structure of energy supply systems is becoming increasingly decentralized (decentralization). New players, such as prosumers, who generate and consume their own electricity, could establish themselves in the electricity market. However, due to their low capacity, prosumers are currently unable to participate economically in electricity trading. In particular, the increasing complexity of control and the load on the network infrastructure as well as the high requirements on data security, which are associated with the exchange of electricity and the associated electricity bills, require digitalization of the energy revolution (Energiewende 2.0). The aim of this work is to examine if the “blockchain as a driver of the energy revolution” for the development of new digital business models can contribute to the successful transformation of the energy system. Numerous statements from energy industry experts, study results and two surveys indicate that blockchain has high potential in the medium and long term to significantly impact the energy industry in the coming years. Blockchain technology promises economic value through its strengths such as disintermediation, security, transparency and automation. However, in addition to technical challenges such as the upcoming smart meter rollout, the smart meter gateway required for communication, and the compatibility between the smart metering systems and the blockchain, there are also legal and regulatory hurdles which make the use of the blockchain difficult in the short-term. By far the most widely discussed usage of blockchain in the energy sector is the peer-to-peer trading of decentralized electricity from renewable energies. Therefore, it was examined within the framework of a concept, whether there is a possibility for prosumers to participate economically in electricity trading, despite their low capacity. The results show that due to regulatory constraints such an implementation is only possible in form of a service model in which all areas of responsibility are transferred to a service provider (e.g. electricity supplier). An independently developed business model, which includes peer-to-peer trading based on a service, shows the required infrastructure, a detailed process description in the context of a business process map and one option to configure the blockchain.
",NA,Journal,NA,"For this purpose, EH tokens are used which are purchased by consumers for Fiat money and act as a means of payment within the trading platform. The value of an EH token can be defined arbitrarily, but a direct coupling to a fixed value (e.g. 1 EC = 1 EH = 0.2 €) is advisable for reasons of value stabilisation. Details are described but not implemented.",Springer
P2P Energy Trading,Blockchain-Based Management of Shared Energy Assets Using a Smart Contract Ecosystem,Manuel UtzSimon AlbrechtThorsten ZoernerJens Str√ºker,2019,"Blockchain, Energy, Smart contract, Asset management, Proof-of-Authority, Ethereum, Microgrid","Energy markets are facing challenges regarding a changing energy generation and consumption structure, as well as the coordination of an increasing number of assets, devices and stakeholders. We address these challenges by introducing a blockchain-based smart contract ecosystem as our contribution to extant research. Apart from blockchain-specific benefits (e.g. data integrity and smart contract execution), the ecosystem fosters energy-blockchain research through the creation of digital assets. Doing so, we address research gaps identified by previous authors. From our work, we can derive economic implications regarding the foundation of local energy markets, the incentivization of grid-stabilizing behavior and the settlement of collective action problems.
",Ethereum,Conference Paper,ERC-20,"By using this smart contract, the meter point readings are tokenized as digital assets on the blockchain. A power and a time token are created for every watt hour since the last meter point storing. The tokens do not have an intrinsic value, they proof the origin and time of generation or consumption. Much like traditional green energy certificates their value is determined by the demand for renewable energy.",Springer
Energy Storage and Infrastructure,Who is Mr. H2? Or expanding the view on hydrogen economy,V.I. Svitanko,2024,"Hydrogen energy, Hydrogen market, Tokenization, DFA, Blockchain, Business model","The development of the global hydrogen industry as part of the new energy industry is largely constrained by low efficiency of hydrogen conversion and synthesis and the high end-to-end cash cost of the feedstock. Similar problems, as well as problems of transportation, are experienced by world trade. A new method that can increase the investment attractiveness of high-risk hydrogen production projects is the use of tokenization technologies based on digital financial assets (DFA) or security/utility tokens, as they are called in traditional English practice. Tokens are issued on a popular blockchain (for example, Ethereum) and are an independent settlement and guarantee tool, to which a smart contract (possibly staged) is linked, including a certain type of contract, and the parameters of a unique key token. There are pilot tokenization projects in traditional industries, such as mining - these are complex tools for fundraising (raising funds) and settlements between the participants in the transaction. The article discusses various options for using DFA to stimulate the development of the hydrogen sphere in order to reduce the burden on states as a regulator, incl. Through attraction of public investments, as well as the use of DFA to automate the goods and transport work in the future mass hydrogen market and the prospects for building an adequate regulatory environment for this tool.",Ethereum (Hyperledger Besu),Journal,Security/utility token ('Hydro Token'); no ERC standard specified,Tokens are linked to physical hydrogen production and can represent investment/product participation. Smart contracts can stage payments and link token lifecycle to project milestones and hydrogen delivery.,ScienceDirect
P2P Energy Trading,An Ethereum-based discrete event private blockchain platform for peer-to-peer trading in multi-community smart energy systems,Ashkan Safari; Amir A. Ghavifekr; Amir Rikhtegar Ghiasi,2026,"Blockchain, Ethereum, Smart contracts, Peer-to-peer energy trading, Discrete event systems, Multi-community energy systems","Due to the fast growth in renewable energy production, which enables households to sell excess power directly and better manage its intermittent nature, the Peer-to-Peer (P2P) energy market has become considerably more established, as it’s aligned with the decentralization and digitalization of power systems and local markets. It’s a system that lets energy consumers and producers trade energy directly with one another. Furthermore, the presence of blockchain technology increases these techno-economic advantages for energy systems, particularly when integrated with P2P energy trading. Consequently, a wide range of works have considered the integration of P2P and blockchain; however, few of them have investigated the full details of this system, including its performance, Transaction (TX) gas fee in a secure and private platform. Following this, the proposed work presents an Ethereum-based discrete event Private blockchain and its integration with P2P energy trading market in a Multi-Community Energy System (MCES). Considered on an IEEE 14-Bus MCES with 3 communities and 20 participating agents (11 consumers, 5 generators, and 4 not participating in the market), the platform uses Web3 and Ethereum Virtual Machine (EVM) for execution. Smart contracts, written in Solidity, handle tokenization by Ethereum Request for Comment 20 (ERC-20) standards and market matching/settlement discrete event processes. On the secure performance, the proposed platform is based on Keccak-256 for immutability, while TX gas fees are minimized. Results show synchronized peak demands up to 60 (MW), diurnal Renewable Energy Sources (RES) outputs peaking at 40 (MW), alongside the market prices, and agents’ revenues. Finally, the reliability of the platform is evaluated based on two main metrics of Transaction Success Rate (TSR) = 1 (100%) and Transaction Per Second (TPS) = 3.29, with a primary mode centered at 1.8-2.0 TPS, a secondary peak at 4.0-4.2 TPS.",Ethereum,Journal,ERC-20,"Energy transactions are represented with ERC-20 tokens. Solidity smart contracts implement tokenization, market matching, settlement, and gas-cost management in a private Ethereum deployment.",ScienceDirect
P2P Energy Trading,AI-integrated blockchain framework for dynamic pricing and energy transactions in microgrids,Nimrah Saeed; Fushuan Wen; Muhammad Zeshan Afzal; Maryam Saeed,2026,"Blockchain, Smart contracts, Machine learning, ERC20, Web3","With increasing penetration of distributed energy resources and the rise of prosumers, decentralized energy trading frameworks are needed to ensure efficient, transparent, and automated settlement. However, existing P2P trading frameworks often rely on static pricing and lack real-time integration between microgrid measurements, dynamic price discovery, and blockchain-based settlement, which motivates the need for adaptive data-driven pricing models. This work introduces a novel blockchain-enabled energy trading system combining ERC-20 tokenization with a machine learning–based dynamic pricing mechanism. Five models (Linear Regression, Gradient Boosting Regressor, XGBoost, Random Forest, and LSTM) were benchmarked for price prediction, demonstrating that GBR achieves the best performance (R² = 0.8332; RMSE = 0.0102 $/kWh; MAE = 0.0081 $/kWh; MAPE = 5.73%), outperforming the linear baseline (R² = 0.6371; RMSE = 0.0123 $/kWh). The integrated system, evaluated on a real microgrid dataset, achieved a total trading revenue of 33,678.87 ETH with an energy-utilization efficiency of 83.9%, representing a substantial increase in simulated net profit compared to a fixed-price baseline under the defined experimental conditions. Comparative analysis with recent literature highlights unique strengths in real-time dynamic pricing, tokenized settlement, and fully automated smart contract integration. The proposed framework provides a structured and secure integration approach for decentralized energy trading, evaluated under simulated conditions, providing a technical foundation for further research in decentralized and data-driven energy systems.",Ethereum (Hyperledger Besu),Journal,ERC-20 + ML dynamic pricing; Gradient Boosting Regressor selected from five models,Energy transactions are settled using ERC-20 tokens while a machine-learning model predicts dynamic prices from microgrid data. Smart contracts automate tokenized settlement.,ScienceDirect
RECs and Carbon Tracking,Blockchain and double auction for credible and efficient voluntary carbon market,Xinlai Liu; Tolkien Bagchi; Arjun Rachana Harish; Charlle Lee Sy; H. Oliver Gao,2026,"Blockchain, Tokenization, Double auction, Smart contract, Voluntary carbon market","The voluntary carbon market (VCM) is a crucial mechanism for facilitating the renewable energy transition and global climate goals. However, the credibility and efficiency of this market-based mechanism are constrained by several challenges, including transparency issues, credit double-counting, and inefficient pricing. This study proposes a blockchain-enabled VCM that uses tokenization and a double auction for climate governance. First, blockchain is used to enhance transparency by maintaining an immutable ledger that records all carbon credit transactions. Second, tokenization reduces double-counting across stakeholders by digitizing carbon credits with unique identifiers. Third, the double auction mechanism, implemented via smart contracts, enables efficient market clearing by automatically matching buyers' bids and sellers' asks at fair prices. We validate the system in three dynamic energy-relevant scenarios: (1) Poisson-based arrivals of credit buyers' demands and sellers' supply in the energy sector, (2) seasonal credit demand variation for energy stakeholders, and (3) a large-scale application driven by U.S. 3144 counties' transportation emissions, a sector tightly coupled to fossil fuel consumption. Results show that the proposed blockchain–auction solution achieves stable and efficient market clearing across all three energy-relevant scenarios. Performance benchmarking further confirms low latency and stable throughput, indicating the practicality of deploying the mechanism for real-world applications. Together, blockchain transparency, unique tokenization, and double auction pricing deliver a credible and efficient VCM.",Hyperledger Fabric,Journal,Fabric Token SDK; unique tokenized carbon-credit identifiers,"Carbon credits are digitized with unique identifiers to reduce double counting. Smart contracts implement sequential double-auction rules for bids, asks, rollover, and market clearing.",ScienceDirect
Flexibility and Demand Response,Decentralized EV charging network with tokenized access and adaptable scheduling,Rashmi Sharma; Himani Garg; Chitvan Agrawal,2025,"Electric Vehicles (EVs), Ethereum-based Smart Grid, Tokenized Smart Charging, Smart Contracts, Charging Stations (CS), Charging Points, Blockchain In Energy Systems","With the growing prevalence of electric vehicles (EVs), electrical grids face increasing strain due to heightened demand and potential overload during charging. This paper proposes a tokenized Ethereum-based framework that enables charging point operators (CPOs) and charging stations (CSs) to manage EV charging requests while ensuring grid stability through time flexibility (adjustable durations) and power flexibility (dynamic load modulation). Smart contracts automate peer-to-peer trading of charging parameters such as energy needs and time limits, shifting loads to off-peak hours, and adjusting prices based on real-time grid capacity. Simulations reveal that EV users who adopted time- and power-flexible charging experienced a 42 % increase in participation compared to those using rigid, fixed-rate systems. Two scenarios were tested: 1) requests every 15 min on a 33 kW grid, where smart charging achieved a 71 % efficiency improvement over uncontrolled charging and increased acceptance rates from 38 % to 70 %; and 2) consecutive requests to the same CSs, where acceptance rates rose from 23 % to 43 %, with smart charging reducing peak-to-valley load differences by 43–50 %, flattening demand profiles. The system, developed on Ethereum using the Remix IDE and MetaMask, and tested on the Sepolia testnet, demonstrates higher electricity sales, improved grid stability, and enhanced flexibility in terms of time, power, and cost. Tokenization incentivizes participation through rewards, allows users to bid for priority slots via proof-of-stake (PoS), and ties reputation metrics to token costs. Practical Byzantine Fault Tolerance (PBFT) ensures fault tolerance, while dynamic pricing and monetized flexibility create scalable EV-grid synergy, balancing supply-demand mismatches and attracting investors.",Ethereum,Journal,Tokenized access/reward token; standard not specified,"Smart contracts tokenize charging access and incentives. EV users can bid for priority slots, shift charging time, and adjust power according to grid capacity.",ScienceDirect
P2P Energy Trading,Decentralized blockchain-based peer-to-peer energy-backed token trading for active prosumers,Mehdi Mehdinejad; Heidarali Shayanfar; Behnam Mohammadi-Ivatloo,2022,"Blockchain, Peer-to-peer energy token trading, Primal-dual sub-gradient method, Demurrage mechanism, Prosumer, Demand response","This paper designs and models a fully decentralized peer-to-peer (P2P) energy token market for small-scale prosumers using blockchain technology in a smart grid environment in the presence of the demand response (DR) program and demurrage mechanism. As the market players, prosumers in the local distribution network are considered in two groups, producers (sellers) and consumers (buyers). Using smart contracts, all sellers and buyers in the proposed market can engage in bilateral energy token transactions (P2P) with each other under an agreed price and with the retail market at a certain price. Furthermore, the local consumers can participate in price-based DR programs and shift their consuming load to the periods with high local generation. Demurrage mechanism is applied to avoid energy token accumulation and enhance attraction for local transactions. With demurrage in place, the redemption value of energy-backed tokens reduces with time. A fully decentralized approach called the primal-dual sub-gradient method is developed to clear this fully decentralized energy market in the presence of DR programs and demurrage. The proposed market-clearing scheme guarantees the global and feasible solution without requiring the players' private information. Numerical studies demonstrated the feasibility and effectiveness of the proposed energy token market and the decentralized approach for its clearing.",NA,Journal,Energy-backed token; one token per generated/consumed energy unit; standard not specified,Producers receive energy-backed tokens for electricity supplied and consumers spend tokens for electricity consumed. Demurrage reduces token redemption value over time to discourage hoarding.,ScienceDirect
RECs and Carbon Tracking,"The nexus between ReFi, carbon, fossil energy, and clean energy assets: Quantile time–frequency connectedness and portfolio implications",Heng Lei; Minggao Xue; Jing Ye,2024,"ReFi, DeFi, Carbon, Clean energy, Fossil energy, Quantile connectedness","Leveraging blockchain and Web3 technologies, Regenerative Finance (ReFi) is dedicated to advancing the financing of climate initiatives. A key innovation within ReFi is the tokenization of carbon credits. Consequently, this study explores the return connectedness among ReFi, carbon, fossil energy, and clean energy markets, employing a quantile time–frequency connectedness framework. Our findings indicate a relatively weak and time-varying trend in return connectedness. Notably, the pairwise connectedness within the ReFi-carbon-energy system becomes more pronounced during extreme market conditions compared to normal conditions. Moreover, clean energy markets of all sub-sectors serve as net spillover transmitters across different quantiles and time–frequency domains. In contrast, ReFi markets act as net receivers in the short term but evolve into net transmitters in the medium term, especially under extreme market conditions. Next, we examine the impacts of determinants on total connectedness, which demonstrate heterogeneity across different time horizons and market conditions. Finally, we confirm the usefulness of ReFi assets as effective diversification and hedging tools for carbon-energy portfolios. Our findings not only provide guidance for ReFi investors in constructing more cost-effective investment strategies, but also assist ReFi policymakers in cultivating a broader and trustworthier application of ReFi.",NA,Journal,"Existing ReFi tokens: BCT/Toucan, KLIMA/KlimaDAO, MCO2/Moss Earth, Regen tokens",Analyzes market behavior of existing tokenized carbon assets. The paper does not design or deploy a new tokenization solution.,ScienceDirect
Energy Storage and Infrastructure,Blockchain-enhanced hydrogen fuel production and distribution for sustainable energy management,Not fully exposed in retrieved ScienceDirect result,2024,"Blockchain, CO, Hydrogen fuel, Renewable energy, Energy distribution, Energy transition, H mobility, Offset certificates, Sustainable technology, Tokenization","Renewable energy projects, particularly wind and solar farms, have garnered significant attention as a potential solution to global energy challenges. Despite the energy production obstacles, the steady availability of fossil fuels continues to compete due to established distribution systems, as societies increasingly rely on electricity. Hydrogen fuel has emerged as a promising avenue for energy production, storage, and distribution, involving converting surplus renewable electricity into hydrogen through electrolysis, storing it, and distributing it. Our novel approach leverages blockchain technology to enhance the efficiency and traceability of hydrogen fuel production, offering a unique synergy of transparency, security, and decentralized governance. We showcase its viability and effectiveness using the ERC-1155 token standard to tokenize renewable resources and convert them into hydrogen fuel. Within our tokenized fuel blockchain architecture, we simulate the forecasted growth in hydrogen production and vehicle demand, highlighting our approach's efficiency, traceability, and transparency. This integration showcases the potential for a sustainable hydrogen fuel ecosystem. The gas consumption data analysis indicates that the daily gas consumption remains below 194 million Gas for refilling 3245 vehicles (including the cost of one-time contract deployment), demonstrating the feasibility and efficiency of our approach.",Ethereum,Journal,ERC-1155,"Renewable-resource units are tokenized as ERC-1155 assets, linking renewable generation to hydrogen production and distribution while enabling traceability and settlement.",ScienceDirect
P2P Energy Trading,A Multi-Hazard Resilience Framework for DER-Integrated Distribution Systems with Hierarchical Coordination and Sustainable Energy Markets,Devareddy Harsha; Pabitra Kumar Biswas; Sudhakar Babu Thanikanti; T. Yuvaraj; Mohammad Khishe,2026,"Radial Distribution Systems, Multi-Hazard Resilience, Adaptive Multi-Objective Optimization, Modified Mountain Gazelle Optimization Algorithm, Conditional Value-at-Risk, Distributed Energy Resources, Blockchain-Enabled Peer-to-Peer Trading","The increasing frequency of compound extreme weather events, such as cyclones and floods, significantly threatens the resilience of active distribution systems by causing cascading infrastructure failures, prolonged outages, and communication disruptions. This study presents a multi-stage cyber–physical restoration framework for enhancing the resilience of DER-integrated radial distribution systems (RDSs) under compound multi-hazard conditions. The framework integrates probabilistic wind–flood fragility modeling, hierarchical decentralized restoration, microgrid islanding, inter-zone network reconfiguration, battery energy storage systems (BESS), electric vehicles (EVs), blockchain-enabled peer-to-peer (P2P) energy trading, repair crew scheduling with accessibility constraints, and AC power flow validation. A multi-objective optimization model is formulated to simultaneously minimize Energy Not Served (ENS), operational cost, Conditional Value-at-Risk (CVaR), voltage deviation, blockchain latency, and restoration unfairness while maximizing DER trading profit. The optimization problem is solved using a Modified Mountain Gazelle Optimization Algorithm (MMGOA) with a Dynamic Adaptive Weight Updating Mechanism (DAWUM). Topology-aware blockchain zonal sharding provides secure market coordination, transaction validation, and settlement between resilience zones. The proposed hierarchical coordination framework provides a flexible way to prioritize the objectives and restore the large-scale distribution systems in a computationally efficient manner. The proposed framework is validated on a modified IEEE 118-bus RDS under three representative compound hazard scenarios and compared with MGOA, PSO, GWO, and DE. The results show that MMGOA achieves the lowest average ENS (0.48 MWh), highest cumulative DER trading profit (38.42 k$), best overall multi-objective function (0.372), highest Hypervolume (0.891), and lowest GD (0.041) and IGD (0.048). Furthermore, the blockchain framework maintains an average transaction latency of 214 ms with 96.3% confirmation reliability while demonstrating stable scalability from IEEE 33-bus to IEEE 300-bus systems. These results confirm that the proposed framework effectively improves restoration resilience, economic performance, cyber–physical coordination, and computational scalability, providing a practical solution for resilient DER-integrated active distribution systems under compound multi-hazard conditions.",NA,Journal,Resilience-Triggered Emergency Token Market (RT-ETM); token standard not specified,Tokens are allocated according to vulnerability and priced with congestion to support decentralized emergency settlements during multi-hazard restoration.,ScienceDirect
P2P Energy Trading,Intelligent peer-to-peer energy trading for renewable smart grids using blockchain and optimized bidirectional recurrent neural networks,Not fully exposed in retrieved ScienceDirect result,2026,"Smart grid, Peer-to-peer energy trading, XRPL blockchain, Bidirectional Gated Recurrent Neural Network, Parrot Optimizer, Renewable energy","The rapid integration of renewable energy has accelerated the transition to decentralized smart grids. However, renewable intermittency, demand variability, and transaction security remain major challenges for efficient peer-to-peer energy trading. Therefore, intelligent forecasting and low-latency decentralized coordination are essential for reliable, efficient, and sustainable smart grid operation. This study proposes an intelligent, blockchain-supported framework titled XRP Ledger–Peer-to-Peer Energy Trading System using Bidirectional Gated Recurrent Neural Network and Parrot Optimizer (XRPL-P2P-ETS-BiGRNN-PO), which combines a Bidirectional Gated Recurrent Neural Network (BiGRNN) for accurate energy demand forecasting with the Parrot Optimizer (PO) for parameter tuning. Experimental results demonstrate that the proposed model outperforms existing methods, achieving 98.5% forecasting accuracy, an RMSE of 418, and an MAE of 283. It also records a transaction delay of 950 ms, a throughput of 1600 transactions per block, and carbon emissions of 962 tons, demonstrating a scalable, secure, and sustainable solution for smart grid energy trading.",XRP Ledger,Journal,Blockchain energy trading; token standard not specified,Forecasted demand is used to support P2P energy coordination on XRP Ledger; the retrieved abstract does not specify an ERC-style token model.,ScienceDirect
RECs and Carbon Tracking,Evaluating the Transparency and Traceability of Carbon Tokens: Blockchain’s Role in Circular Economy Certification,R. Abbas; Omid Fatahi Valilai,2026,"Supply chain, Blockchain, Traceability, Token Model, Smart contracts, carbon emissions","This paper proposes a blockchain enabled carbon emissions tracking architecture for the automobile manufacturing supply chain that is integrated with Enterprise Resource Planning, Manufacturing Execution Systems and Internet of Things data with smart contracts to deliver verifiable, real-time sustainability metrics. This has been justified due to the literature review lack for carbon emission calculation in supply chain levels. ERP modules standardise multisource planning, procurement and inventory records before committing them to a private ledger, while MES bridges shop-floor machines to the chain, ensuring fine-grained operational visibility. Distributed IoT sensors placed at each lifecycle stage from raw material extraction and production to logistics, recycling has been enabled to transfer energy consumption and emissions values to the ledger, where embedded algorithms apply a uniform calculation methodology. Smart contracts automatically convert validated tonnes of CO₂ into tradeable carbon-credit tokens, release payments upon compliance, and maintain an immutable audit trail accessible to regulators with autonomous permissions. By eliminating centralised gatekeepers, the model enhances transparency, prevents double counting and reduces administrative latency that plagues conventional carbon markets. Future studies are suggested for exploring multi modal transport modelling, cross sector scalability and adaptive contract logic that incorporates emerging scientific baselines and regulatory thresholds.",NA,Conference Paper,Tradeable carbon-credit token; standard not specified,"Validated emissions from supply-chain stages are committed to a private ledger. Smart contracts calculate/validate carbon quantities, mint tradeable tokens, release payments, and preserve an audit trail.",ScienceDirect
Flexibility and Demand Response,Chapter 8 - Managing ancillary services in energy trading with blockchain technology,Kyei Emmanuel Yeboah; Ernest Nii Teiko Aryee; others including Bo Feng,2025,"Ancillary services, blockchain technology, LO3, Equigy, grid singularity","In energy trading, ancillary services are crucial for supporting the stable and reliable operation of the power grid. These ancillary services encompass functions such as frequency regulation, voltage control, spinning reserve, and black-start capabilities. Because of their importance to the energy trading value chain, this chapter explores the application of blockchain technology in managing these ancillary services. The aim is to highlight how this innovative approach can address existing challenges and improve the efficiency, transparency, and reliability of grid operations. The chapter begins by outlining the complexities and inefficiencies inherent in the traditional management of ancillary services, such as coordination difficulties across various systems and regions, and issues with transparency and efficiency. Blockchain technology is introduced as a potent solution capable of overcoming these challenges through its decentralized nature and inherent features. Specific blockchain mechanisms such as smart contracts and tokenization are explored with real-world case studies being examined to demonstrate the practical applications and benefits of blockchain in this field. The chapter finally speculated on the future trends and developments that may influence the scalability and adoption of blockchain technology in the management of ancillary services in the energy sector, paving the way for more decentralized, efficient, and resilient energy systems.",NA,Book chapter,Tokenization and smart contracts; standard not specified,Reviews tokenization as a mechanism for representing ancillary-service value and smart contracts for automated coordination and settlement.,ScienceDirect
P2P Energy Trading,The participation of electric vehicles in a peer-to-peer energy-backed token market,Theyab R Alsenani,2023,"Smart contracts, Peer-to-peer energy trading, Alternating direction method of multipliers, Demurrage mechanism, Bilateral energy trading, Demand response program","This paper designs a peer-to-peer (P2P) energy-backed token market for prosumers under blockchain technology. The prosumers in the presented market are classified into buyers and sellers based on their net generation. Another set of prosumers is electric vehicle (EV) owners that participate in the proposed energy token market via the storage capacity of their EVs. Using smart contracts, all market players can engage in bilateral (P2P) transactions of energy-backed tokens with other prosumers at the agreed price and with their existing market via real-time pricing. Furthermore, the buyers can participate in DR programs as virtual generators without the interference of a third party and shift their load based on their preferences to the hours with an abundant local generation or low market price. To avoid inflation and “false welfare” in the energy-backed token market, this paper applies a demurrage mechanism to lower the redemption value of energy tokens. With this mechanism in place, the buyers and sellers try to minimize the time interval between token purchase and consumption and between token generation and selling. A decentralized alternating direction method of multipliers (ADMM) scheme is developed to clear the proposed fully-decentralized energy-backed token market in the presence of EVs and the demurrage mechanism. This approach protects the players’ privacy while ensuring solution feasibility. The simulation results suggest that the presence of EVs enhances the freedom of the prosumers in choosing their energy peers and increases their total welfare by 20 percent.",NA,Journal,Energy-backed token; one token per kWh generation/consumption; standard not specified,EVs participate as buyers/sellers through their storage capacity. Smart contracts support bilateral token trading and demand response; EV tokens are physically constrained by charging/discharging.,ScienceDirect
P2P Energy Trading,Next-power: Next-generation framework for secure and sustainable energy trading in the metaverse,Zakaria Abou El Houda; Bouziane Brik,2023,"Metaverse, Digital Twins, Blockchain, Energy trading, Virtual Power Plants, Smart Grids","The rapid emergence of the Metaverse as a leading virtual digital technology is driving innovation in power generation. The increasing demand for sustainable energy and the rise of the Metaverse has provided an opportunity to develop a secure and sustainable energy trading system using Smart Grid (SG), Virtual Power Plants (VPP), Digital Twins (DT), and Blockchain. Integrating VPP with SG can optimize the utilization of distributed energy resources and improve the stability and reliability of the energy supply in the metaverse. Meanwhile, the use of DT can facilitate the efficient management of VPPs by simulating their behavior and performance to identify potential issues and test different scenarios for improvement. Blockchain is a rising technology that enables decentralized and trustworthy applications, making it a promising tool for creating decentralized energy trading systems in the Metaverse. In this context, we propose Next-Power, a next-generation framework for secure and sustainable energy trading in the Metaverse. Next-Power consists of: (1) an automated blockchain-based fair payment of energy traded between consumers and prosumers in the Metaverse, it uses Ethereum’s smart contracts to determine the price at which energy is traded using a cooperative game theory (i.e., reverse auction); (2) an access token-based blockchain system that ensures a secure mutual authentication between consumers and prosumers; and (3) a lightweight on-chain collaborative reputation scheme that keeps track of prosumers reputation as well as consumers credibility in the Metaverse in a fully decentralized manner. The system of Next-Power is implemented, tested, and deployed on the Ethereum official test network. Next-Power is a promising framework for the future of energy trading in the Metaverse, as demonstrated by its successful experimental results in terms of flexibility, efficiency, security, and cost-effectiveness.",Ethereum,Journal,Access token; token standard not specified,"Ethereum smart contracts perform reverse-auction energy pricing and payments. Virtual access tokens support authentication, while reputation is maintained on-chain with ML-assisted outlier filtering.",ScienceDirect
P2P Energy Trading,Blockchain-enhanced optimization for a secure and transparent global energy supply chain with reduced environmental impact and cost,Sivajothi Ramalingam; M. Subramanian; B. Srinivasa Kumar; S. Rushma Nainaru Tarakaramu; Aymen Trigui; Farrukh Yuldashev; Taoufik Saidani; M. Ijaz Khan,2025,"Decentralized Energy Trading, Blockchain Technology, Smart Contracts, Energy Supply Chain Optimization, Renewable Energy Tokenization","The rapid evolution of energy systems necessitates innovative solutions to ensure efficient, transparent, and secure energy distribution. This paper introduces a novel blockchain-based model for decentralized energy trading, aiming to optimize the global energy supply chain. The proposed model leverages smart contracts for automated peer-to-peer transactions, allowing for a significant reduction in intermediary costs and enhancing the robustness of the energy market. Through comprehensive data analysis of historical energy production figures, we establish baseline supply curves for various energy sources including coal, natural gas, nuclear, hydro, wind, solar, biofuels, and waste, from 1990 to 2021. We present a mathematical framework that encapsulates supply and demand dynamics, price adjustment mechanisms, and tokenization of energy units. The equilibrium model ensures market clearance, while the pricing algorithm dynamically responds to real-time supply and demand fluctuations. Moreover, the study formulates an optimization objective focused on maximizing social welfare, encompassing consumer and producer surplus, and minimizing environmental impacts. The model is flexible, capable of integrating future advancements in renewable energy and storage technologies. Our findings indicate that blockchain technology not only has the potential to revolutionize the way we trade energy but also to significantly contribute to a more sustainable and environmentally friendly energy landscape.",NA,Journal,Energy-unit tokenization; standard not specified,Energy units are tokenized and traded through smart contracts. A market-equilibrium model clears supply/demand while dynamically adjusting prices and optimizing social welfare and environmental impact.,ScienceDirect
Flexibility and Demand Response,"Blockchain + IoT sensor network to measure, evaluate and incentivize personal environmental accounting and efficient energy use in indoor spaces",Not fully exposed in retrieved ScienceDirect result,2023,"Internet of Things, Blockchain, Occupant behavior, Energy use intensity, Carbon intensity, Demand response","Electric demand flexibility in buildings is highly dependent on occupant behavior. Evaluating and incentivizing these behaviors can provide grid-responsive support and encourage demand response (DR) participation. To achieve these goals, we developed an infrastructure for connecting Internet of Things (IoT) sensors to a distributed ledger (blockchain network) for long-term monitoring of energy and environmental performance. This study presents a novel Blockchain + IoT paradigm for the building science research community, applied in a real-world application. This Blockchain + IoT Network (BIN) uses Raspberry Pi minicomputers as platforms for connecting sensors to a blockchain network, to provide and analyze real-time indoor environmental quality (IEQ), energy, and carbon intensity data. As part of the study, we propose various metrics to evaluate the environmental footprints of building users. Novel algorithms for normalizing energy usage and carbon intensity, with consideration of a variety of related environmental factors, are executed as smart contracts on the blockchain network. All measurements and the smart contract transactions are reported and visualized on live dashboards. The use of smart contract allocates tokens based on the reward algorithms to incentivize individuals’ energy conservation, and similarly to DR pricing, can help influence occupant consumption patterns towards carbon reduction goals. We further test the smart contract’s algorithm in relation to real sensor data we have collected in two case studies: single-unit households and carbon intensity in the energy market. The combination of proposed metrics translates measured sensor data into token awards, demonstrates upper and lower limits dictated by the grid generation mix profile, and indicates that there is the potential for load shifting to minimize carbon emissions without considering the scale of consumption.",NA,Journal,Reward token; standard not specified,"Sensor data feed smart-contract algorithms that calculate environmental-performance metrics. Tokens are awarded for conservation/DR behavior, with live dashboards showing measurements and transactions.",ScienceDirect
RECs and Carbon Tracking,Blockchain-Oracle-Enabled Energy Settlement Intelligence in Digital Stakeholder Markets for Eco-Industrial Parks with Heavy-Duty Shared Mobilized Storage,Peyman Zare; SeyedJalal SeyedShenava; Hossein Shayeghi,2026,"Carbon Emission Trading, Eco-Industrial Park, Energy Management, Renewable Portfolio Trading, Heavy-Duty Electric Vehicle","The increasing integration of renewable generation, electrified freight mobility, and carbon policy mechanisms requires computationally robust scheduling strategies for modern eco‑industrial energy networks. Existing approaches typically treat energy dispatch, transportation logistics, and carbon‑certificate markets as separate layers and do not capture the coupled cyber‑physical interactions driven by travel congestion, stochastic renewable patterns, and multi‑market compliance requirements. This study develops a blockchain oracle ‑enabled stochastic energy settlement intelligence framework for travel‑congestion‑aware eco‑industrial parks operated as sustainable energy communities that participate in tokenized twin carbon–green certificate markets while coordinating heavy‑duty electric mobility resources. A multi‑layer stochastic optimization model is formulated to represent uncertainty in renewable outputs, market prices, and logistics behavior through scenario‑based risk management, while ensuring transparent and tamper‑resistant carbon accounting via blockchain‑backed transactional integrity. Heavy‑duty electric vehicles are modeled as mobile storage units that support coordinated power–logistics operations and enhance system flexibility within the integrated energy–mobility ecosystem. Numerical results show that dual‑market participation combined with congestion‑aware mobility coordination reduces operating cost by 1.52%, lowers carbon emissions by 12.59%, and increases renewable utilization by 20.69% relative to baseline operation. The findings indicate that incorporating ICT‑enabled coordination, spatiotemporal mobility dynamics, and market‑coupled decarbonization mechanisms strengthens system efficiency, regulatory compliance, and resilience. The proposed framework provides a transferable computational basis for smart, low‑carbon industrial grid operation and supports advanced planning of sustainable energy–transport infrastructures aligned with future cyber‑physical energy systems.",NA,Journal,Tokenized carbon and green certificates; standard not specified,"Carbon and green certificates are tokenized within a blockchain settlement layer, while oracle mechanisms connect external energy/mobility information to the market and optimization model.",ScienceDirect
P2P Energy Trading,A renewable energy microgrids trading management platform based on permissioned blockchain,Yu-Tian Lei; Chao-Qun Ma; Nawazish Mirza; Yi-Shuai Ren; Seema Wati Narayan; Xun-Qi Chen,2022,"Renewable energy, Permissioned blockchain, Trading platform, Peer-to-peer, Homomorphic encryption","This paper presents an energy trading platform based on the permissioned blockchain for managing renewable energy microgrids. To accomplish low-cost and efficient renewable energy trading, a series of automated trading processes is designed for the trading platform, including the token trading mechanism and account management mechanism. Meanwhile, we actualise set of trading processes in the trading platform using smart contract and use the Internet of Things technology to facilitate the automatic execution of trading. Besides, we devised a homomorphic encryption scheme that provides an exceptional level of privacy protection without compromising trading efficiency to better safeguard users' privacy in the trading platform. Therefore, utilising the trading management platform for renewable energy we developed can increase user participation in trading. Finally, the proposed trading management platform has been constructed and deployed utilising the permissioned blockchain Hyperledger Fabric, and the effect of the homomorphic encryption scheme and the trading process has been tested. The simulation results demonstrate the practicability of the designed renewable energy trading management platform.",Hyperledger Fabric,Journal,Token trading mechanism; standard not specified,"Smart contracts implement token trading and account management, while IoT connects physical microgrid equipment. Homomorphic encryption protects private trading information.",ScienceDirect
Flexibility and Demand Response,Blockchain-enabled secure and authentic Nash equilibrium strategies for heterogeneous networked hub of electric vehicle charging stations,D.D. Sharma; S.N. Singh; J. Lin,2024,"Network hub, EV token, Heterogeneous blockchains, Interoperability, Nash equilibrium","In the networked enlarged electric vehicle (EV) charging infrastructures, the security and authenticity of the stakeholders involved in the EV energy market pool are prime important. This paper proposes an EV network hub (EVNH) comprising EVs, EV aggregators (EVAs), and charging nodes in the networked EV energy market pool. The various EVAs implement different heterogeneous blockchains. The EVNH facilitates blockchain-based secure and resilient energy trading under grid to vehicle and vehicle to grid systems. The paper emphasizes interoperability challenges involving different blockchains to communicate and transfer assets or data between them. We suggest secure and trustworthy energy trading across various EVAs using multiple EV tokens for EV energy trading through cross-chain communications. The EVAs consider a Nash equilibrium-seeking strategy to find the Nash equilibrium in the noncooperative game of EVAs. The effectiveness of the proposed EVNH is tested using MATLAB, Solidity, and Python software.",Ethereum,Journal,Multiple EV tokens; cross-chain token transfer; standard not specified,"Each EV aggregator can use a different blockchain. EV tokens support energy trading across chains, while cross-chain communication enables interoperability among aggregators.",ScienceDirect
RECs and Carbon Tracking,Chapter 7 - Revolutionizing energy systems: the impact of blockchain on renewable energy integration,Abdul-Latif Mohammed; Ibrahim Nandom Yakubu,2025,"Blockchain, renewable energy, energy systems","The growth of renewable energy sources has presented notable hurdles for current energy systems, including interconnectivity, demand response management, and grid stability. The emergence of blockchain technology has the potential to address these issues by transforming energy systems through transparent, secure, and decentralized transactions among stakeholders in the energy sector. This study investigates the potential impact of blockchain on renewable energy (RE) integration, highlighting key blockchain principles, components, and platforms relevant to energy applications. We establish that blockchain enhances RE integration through decentralized energy production, peer-to-peer lending, transparency and traceability, grid optimization, energy asset tokenization, and bolstered grid resilience and security. Real-world case studies such as Power Ledger, WePower, Grid+, TransActive Grid, and LO3 energy exemplify the tangible benefits of blockchain in promoting energy efficiency, sustainability, and decentralized energy systems. Among others, adaptive regulation, interoperability standards, research and development prioritization for scalability and energy efficiency, and education and advocacy initiatives are imperative for blockchain innovation in RE, driving its broader adoption and advancing the sustainable energy landscape.",NA,Book chapter,General blockchain tokenization; no single token standard,Discusses blockchain as infrastructure for renewable-energy integration and market coordination; it is a review/conceptual chapter rather than a single deployed token model.,ScienceDirect
Flexibility and Demand Response,Chapter 7 - Challenges and directions for Blockchain technology applied to Demand Response and Vehicle-to-Grid scenarios,Not fully exposed in retrieved ScienceDirect chapter page,2021,"Blockchain, smart contracts, energy communities, Demand Response, Vehicle-to-Grid","Nowadays, Blockchain is considered a consolidated technology supporting many different applications that integrate well with Artificial Intelligence and the Internet of Things, and supports the creation of Decentralized Autonomous Organizations. Within this wider framework, the energy blockchain applications are now deserving more and more attention, since blockchain architectures, on one hand, provide transparency and solve the information asymmetry problem, on the other, provide disintermediation. In this way, the dream of an energy market closer to end-users becomes a reality, although, still, the regulatory framework is not clear, especially for what concerns the tokenization of assets related to investments in energy projects and energy services. The role of the blockchain technology in the energy sector has several facets: fostering Demand Response and the aggregation of loads and generators, helping the creation of energy communities and the integration of electric vehicles in the power grid, providing a more transparent and traceable relation between service providers and customers. This chapter describes current challenges and gives possible directions for the research in the field. This is done considering the possible evolutions of the regulatory framework and thus the possible implications in terms of business models. Finally, the last section of the chapter describes a possible laboratory infrastructure to test energy blockchain business models under the point of view of service providers such as grid and telecom operators, as well as the customer’s perspective.",NA,Book chapter,Tokenization of energy assets/services discussed conceptually,Reviews how blockchain could support DR and V2G through transparent coordination and disintermediation; tokenization is treated as an emerging business/regulatory issue.,ScienceDirect